Date,Location_1,RO Pass 1_C ,Concentrate_C01 ,RO Pass 2_C ,Concentrate_C02,RO supply_C,Di Supply_C,Recovery %Pass 1_C01,Recovery %Pass 2_C02,,
1/3/2023,Building_C,88.07,41.83,81.46,11.45,44.03,26.42,67.8,87.68,,
2/3/2023,Building_C,88.07,39.63,81.46,11.89,44.03,25.1,68.97,87.26,,
3/3/2023,Building_C,92.47,39.63,81.46,11.89,44.03,25.1,70,87.26,,
4/3/2023,Building_C,92.47,39.63,79.26,11.45,44.03,25.1,70,87.38,,
5/3/2023,Building_C,88.07,39.63,79.26,9.69,44.03,25.1,68.97,89.11,,
6/3/2023,Building_C,88.07,39.63,79.26,9.69,44.03,22.02,68.97,89.11,,
7/3/2023,Building_C,88.07,52.84,79.26,9.69,44.03,22.02,62.5,89.11,,
8/3/2023,Building_C,88.07,52.84,85.87,10.57,44.03,22.02,62.5,89.04,,
9/3/2023,Building_C,88.07,52.84,85.87,10.57,44.03,22.02,62.5,89.04,,
10/3/2023,Building_C,92.47,52.84,85.87,10.57,44.03,22.02,63.64,89.04,,
11/3/2023,Building_C,92.47,52.84,85.87,10.57,44.03,22.02,63.64,89.04,,
12/3/2023,Building_C,92.47,52.84,85.87,10.57,44.03,22.02,63.64,89.04,,
13/3/2023,Building_C,92.47,52.84,85.87,10.57,44.03,22.02,63.64,89.04,,
14/3/2023,Building_C,92.47,52.84,83.66,10.57,44.03,22.02,63.64,88.79,,
15/3/2023,Building_C,92.47,48.44,83.66,10.57,44.03,22.02,65.63,88.79,,
16/3/2023,Building_C,92.47,48.44,83.66,9.69,44.03,22.02,65.63,89.62,,
17/3/2023,Building_C,88.07,48.44,83.66,9.69,44.03,22.02,64.52,89.62,,
18/3/2023,Building_C,88.07,48.44,83.66,9.69,44.03,22.02,64.52,89.62,,
19/3/2023,Building_C,88.07,48.44,83.66,9.69,44.03,22.02,64.52,89.62,,
20/3/2023,Building_C,88.07,48.44,83.66,9.69,44.03,22.02,64.52,89.62,,
21/3/2023,Building_C,88.07,48.44,83.66,9.69,44.03,22.02,64.52,89.62,,
22/3/2023,Building_C,88.07,48.44,83.66,9.69,44.03,22.02,64.52,89.62,,
23/3/2023,Building_C,88.07,48.44,83.66,9.69,44.03,22.02,64.52,89.62,,
24/3/2023,Building_C,88.07,48.44,83.66,9.69,44.03,22.02,64.52,89.62,,
25/3/2023,Building_C,88.07,48.44,83.66,9.69,44.03,22.02,64.52,89.62,,
26/3/2023,Building_C,88.07,48.44,79.26,8.81,44.03,22.02,64.52,90,,
27/3/2023,Building_C,88.07,48.44,79.26,8.81,44.03,22.02,64.52,90,,
28/3/2023,Building_C,88.07,48.44,81.46,8.81,44.03,22.02,64.52,90.24,,
29/3/2023,Building_C,88.07,48.44,79.26,8.81,44.03,23.12,64.52,90,,
30/3/2023,Building_C,88.07,48.44,81.46,8.81,44.03,22.02,64.52,90.24,,
31/3/2023,Building_C,88.07,48.44,81.46,8.81,44.03,22.02,64.52,90.24,,
1/4/2023,Building_C,88.07,61.65,85.87,9.69,41.83,24.22,58.82,89.86,,
2/4/2023,Building_C,88.07,61.65,85.87,9.69,41.83,24.22,58.82,89.86,,
3/4/2023,Building_C,88.07,61.65,85.87,9.69,41.83,24.22,58.82,89.86,,
4/4/2023,Building_C,88.07,61.65,85.87,9.69,44.03,24.22,58.82,89.86,,
5/4/2023,Building_C,88.07,61.65,85.87,9.69,44.03,24.22,58.82,89.86,,
6/4/2023,Building_C,88.07,59.45,83.66,9.69,44.03,24.22,59.7,89.62,,
7/4/2023,Building_C,88.07,57.24,83.66,9.69,44.03,24.22,60.61,89.62,,
8/4/2023,Building_C,88.07,57.24,83.66,9.69,44.03,24.22,60.61,89.62,,
9/4/2023,Building_C,88.07,57.24,83.66,9.69,44.03,24.22,60.61,89.62,,
10/4/2023,Building_C,88.07,57.24,83.66,9.69,44.03,24.22,60.61,89.62,,
11/4/2023,Building_C,88.07,57.24,83.66,9.69,44.03,24.22,60.61,89.62,,
12/4/2023,Building_C,88.07,57.24,83.66,9.69,44.03,24.22,60.61,89.62,,
13/4/2023,Building_C,0,0,0,0,0,0,0,0,,
14/4/2023,Building_C,0,0,0,0,0,0,0,0,,
15/4/2023,Building_C,0,0,0,0,0,0,0,0,,
16/4/2023,Building_C,0,0,0,0,0,0,0,0,,
17/4/2023,Building_C,105.68,52.84,96.87,9.69,44.03,30.82,66.67,90.91,,
18/4/2023,Building_C,105.68,57.24,94.67,17.61,46.24,28.62,64.86,84.31,,
19/4/2023,Building_C,105.68,57.24,92.47,16.73,46.24,28.62,64.86,84.68,,
20/4/2023,Building_C,105.68,57.24,92.47,16.73,46.24,28.62,64.86,84.68,,
21/4/2023,Building_C,105.68,57.24,92.47,16.73,46.24,28.62,64.86,84.68,,
22/4/2023,Building_C,105.68,57.24,92.47,16.73,46.24,28.62,64.86,84.68,,
23/4/2023,Building_C,105.68,57.24,92.47,16.73,46.24,28.62,64.86,84.68,,
24/4/2023,Building_C,105.68,57.24,92.47,16.73,46.24,28.62,64.86,84.68,,
25/4/2023,Building_C,105.68,57.24,92.47,16.73,46.24,28.62,64.86,84.68,,
26/4/2023,Building_C,105.68,57.24,92.47,16.73,46.24,28.62,64.86,84.68,,
27/4/2023,Building_C,105.68,57.24,90.27,16.73,46.24,28.62,64.86,84.36,,
28/4/2023,Building_C,105.68,57.24,90.27,16.73,46.24,28.62,64.86,84.36,,
29/4/2023,Building_C,105.68,57.24,90.27,16.73,46.24,28.62,64.86,84.36,,
30/4/2023,Building_C,105.68,57.24,90.27,16.73,46.24,28.62,64.86,84.36,,
1/5/2023,Building_C,101.28,57.24,88.07,16.73,46.24,28.62,63.89,84.03,,
2/5/2023,Building_C,101.28,57.24,88.07,16.73,46.24,28.62,63.89,84.03,,
3/5/2023,Building_C,101.28,57.24,88.07,16.73,46.24,28.62,63.89,84.03,,
4/5/2023,Building_C,101.28,57.24,88.07,16.73,46.24,28.62,63.89,84.03,,
5/5/2023,Building_C,101.28,57.24,88.07,16.73,46.24,28.62,63.89,84.03,,
6/5/2023,Building_C,96.87,57.24,88.07,15.41,46.24,28.62,62.86,85.11,,
7/5/2023,Building_C,0,0,0,0,0,0,0,0,,
8/5/2023,Building_C,105.68,57.24,96.87,15.41,46.24,28.62,64.86,86.27,,
9/5/2023,Building_C,105.68,57.24,96.87,15.41,46.24,28.62,64.86,86.27,,
10/5/2023,Building_C,101.28,57.24,88.07,15.41,46.24,28.62,63.89,85.11,,
11/5/2023,Building_C,101.28,61.65,90.27,16.73,46.24,24.22,62.16,84.36,,
12/5/2023,Building_C,101.28,61.65,90.27,16.73,46.24,24.22,62.16,84.36,,
13/5/2023,Building_C,101.28,57.24,90.27,16.73,46.24,24.22,63.89,84.36,,
14/5/2023,Building_C,101.28,57.24,90.27,16.73,46.24,24.22,63.89,84.36,,
15/5/2023,Building_C,101.28,57.24,90.27,16.73,46.24,24.22,63.89,84.36,,
16/5/2023,Building_C,101.28,57.24,88.07,15.85,46.24,24.22,63.89,84.75,,
17/5/2023,Building_C,101.28,57.24,88.07,15.85,46.24,24.22,63.89,84.75,,
18/5/2023,Building_C,101.28,57.24,88.07,15.85,46.24,24.22,63.89,84.75,,
19/5/2023,Building_C,101.28,57.24,88.07,15.85,46.24,24.22,63.89,84.75,,
20/5/2023,Building_C,101.28,57.24,88.07,15.85,46.24,24.22,63.89,84.75,,
21/5/2023,Building_C,101.28,57.24,88.07,15.85,46.24,24.22,63.89,84.75,,
22/5/2023,Building_C,96.87,52.84,88.07,15.85,46.24,24.22,64.71,84.75,,
23/5/2023,Building_C,96.87,52.84,88.07,15.85,46.24,24.22,64.71,84.75,,
24/5/2023,Building_C,96.87,52.84,88.07,15.85,46.24,24.22,64.71,84.75,,
25/5/2023,Building_C,96.87,52.84,88.07,15.85,46.24,24.22,64.71,84.75,,
26/5/2023,Building_C,96.87,52.84,88.07,15.85,46.24,24.22,64.71,84.75,,
27/5/2023,Building_C,96.87,48.44,85.87,13.21,46.24,24.22,66.67,86.67,,
28/5/2023,Building_C,96.87,48.44,83.66,13.21,46.24,24.22,66.67,86.36,,
29/5/2023,Building_C,96.87,57.24,88.07,14.97,46.24,24.22,62.86,85.47,,
30/5/2023,Building_C,96.87,57.24,88.07,14.97,46.24,24.22,62.86,85.47,,
31/5/2023,Building_C,96.87,57.24,88.07,14.97,46.24,26.42,62.86,85.47,,
1/6/2023,Building_C,96.87,57.24,88.07,14.97,46.24,26.42,62.86,85.47,,
2/6/2023,Building_C,96.87,57.24,88.07,14.97,46.24,26.42,62.86,85.47,,
3/6/2023,Building_C,0,0,0,0,0,0,0,0,,
4/6/2023,Building_C,0,0,0,0,0,0,0,0,,
5/6/2023,Building_C,96.87,57.24,88.07,14.97,46.24,26.42,62.86,85.47,,
6/6/2023,Building_C,96.87,57.24,88.07,14.97,46.24,26.42,62.86,85.47,,
7/6/2023,Building_C,96.87,57.24,85.87,15.85,46.24,26.42,62.86,84.42,,
8/6/2023,Building_C,96.87,57.24,85.87,15.85,46.24,26.42,62.86,84.42,,
9/6/2023,Building_C,96.87,57.24,85.87,15.85,46.24,26.42,62.86,84.42,,
10/6/2023,Building_C,96.87,57.24,85.87,15.85,46.24,26.42,62.86,84.42,,
11/6/2023,Building_C,0,0,0,0,0,0,0,0,,
12/6/2023,Building_C,96.87,61.65,83.66,14.09,46.24,26.42,61.11,85.59,,
13/6/2023,Building_C,96.87,61.65,83.66,14.09,46.24,26.42,61.11,85.59,,
14/6/2023,Building_C,96.87,61.65,83.66,14.09,46.24,26.42,61.11,85.59,,
15/6/2023,Building_C,96.87,61.65,83.66,14.09,46.24,26.42,61.11,85.59,,
16/6/2023,Building_C,96.87,61.65,83.66,14.09,46.24,26.42,61.11,85.59,,
17/6/2023,Building_C,96.87,61.65,83.66,14.09,46.24,26.42,61.11,85.59,,
18/6/2023,Building_C,0,0,0,0,0,0,0,0,,
19/6/2023,Building_C,96.87,61.65,83.66,14.09,46.24,26.42,61.11,85.59,,
20/6/2023,Building_C,96.87,61.65,83.66,14.09,46.24,26.42,61.11,85.59,,
21/6/2023,Building_C,96.87,52.84,83.66,14.09,46.24,26.42,64.71,85.59,,
22/6/2023,Building_C,96.87,52.84,83.66,14.09,46.24,26.42,64.71,85.59,,
23/6/2023,Building_C,96.87,52.84,83.66,14.09,46.24,26.42,64.71,85.59,,
24/6/2023,Building_C,96.87,52.84,83.66,14.09,46.24,26.42,64.71,85.59,,
25/6/2023,Building_C,0,0,0,0,0,0,0,0,,
26/6/2023,Building_C,96.87,52.84,83.66,14.09,46.24,26.42,64.71,85.59,,
27/6/2023,Building_C,96.87,57.24,88.07,14.97,46.24,26.42,62.86,85.47,,
28/6/2023,Building_C,96.87,57.24,88.07,14.97,46.24,26.42,62.86,85.47,,
29/6/2023,Building_C,96.87,57.24,88.07,14.97,46.24,26.42,62.86,85.47,,
30/6/2023,Building_C,96.87,57.24,88.07,14.97,46.24,26.42,62.86,85.47,,
1/7/2023,Building_C,96.87,57.24,88.07,14.97,46.24,26.42,62.86,85.47,,
2/7/2023,Building_C,0,0,0,0,0,0,0,0,,
3/7/2023,Building_C,96.87,57.24,88.07,14.97,46.24,26.42,62.86,85.47,,
4/7/2023,Building_C,96.87,57.24,88.07,14.97,46.24,26.42,62.86,85.47,,
5/7/2023,Building_C,96.87,57.24,88.07,14.97,46.24,26.42,62.86,85.47,,
6/7/2023,Building_C,96.87,57.24,88.07,14.97,46.24,26.42,62.86,85.47,,
7/7/2023,Building_C,96.87,57.24,88.07,14.97,46.24,26.42,62.86,85.47,,
8/7/2023,Building_C,96.87,57.24,88.07,14.97,46.24,26.42,62.86,85.47,,
9/7/2023,Building_C,0,0,0,0,0,0,0,0,,
10/7/2023,Building_C,96.87,57.24,88.07,14.97,46.24,26.42,62.86,85.47,,
11/7/2023,Building_C,96.87,61.65,88.07,14.97,46.24,26.42,61.11,85.47,,
12/7/2023,Building_C,96.87,61.65,88.07,13.21,46.24,26.42,61.11,86.96,,
13/7/2023,Building_C,96.87,61.65,88.07,13.21,46.24,26.42,61.11,86.96,,
14/7/2023,Building_C,96.87,61.65,88.07,13.21,46.24,26.42,61.11,86.96,,
15/7/2023,Building_C,88.07,61.65,83.66,13.21,46.24,26.42,58.82,86.36,,
16/7/2023,Building_C,0,0,0,0,0,0,0,0,,
17/7/2023,Building_C,96.87,57.24,88.07,14.97,46.24,26.42,62.86,85.47,,
18/7/2023,Building_C,96.87,57.24,88.07,14.97,46.24,26.42,62.86,85.47,,
19/7/2023,Building_C,96.87,57.24,88.07,14.97,46.24,26.42,62.86,85.47,,
20/7/2023,Building_C,96.87,57.24,88.07,14.97,46.24,26.42,62.86,85.47,,
21/7/2023,Building_C,96.87,57.24,88.07,14.97,46.24,26.42,62.86,85.47,,
22/7/2023,Building_C,96.87,57.24,88.07,14.97,46.24,26.42,62.86,85.47,,
23/7/2023,Building_C,0,0,0,0,0,0,0,0,,
24/7/2023,Building_C,96.87,57.24,88.07,14.97,46.24,26.42,62.86,85.47,,
25/7/2023,Building_C,96.87,57.24,88.07,14.97,46.24,26.42,62.86,85.47,,
26/7/2023,Building_C,96.87,57.24,88.07,14.97,46.24,26.42,62.86,85.47,,
27/7/2023,Building_C,96.87,57.24,88.07,14.97,46.24,26.42,62.86,85.47,,
28/7/2023,Building_C,0,0,0,0,0,0,0,0,,
29/7/2023,Building_C,0,0,0,0,0,0,0,0,,
30/7/2023,Building_C,0,0,0,0,0,0,0,0,,
31/7/2023,Building_C,0,0,0,0,0,0,0,0,,
1/8/2023,Building_C,96.87,52.84,85.87,13.21,46.24,26.42,64.71,86.67,,
2/8/2023,Building_C,96.87,52.84,85.87,13.21,46.24,24.22,64.71,86.67,,
3/8/2023,Building_C,96.87,52.84,85.87,13.21,46.24,24.22,64.71,86.67,,
4/8/2023,Building_C,96.87,52.84,85.87,13.21,46.24,24.22,64.71,86.67,,
5/8/2023,Building_C,96.87,52.84,85.87,13.21,46.24,24.22,64.71,86.67,,
6/8/2023,Building_C,0,0,0,0,0,0,0,0,,
7/8/2023,Building_C,96.87,52.84,83.66,13.21,46.24,24.22,64.71,86.36,,
8/8/2023,Building_C,96.87,52.84,83.66,13.21,46.24,24.22,64.71,86.36,,
9/8/2023,Building_C,88.07,52.84,79.26,13.21,46.24,24.22,62.5,85.71,,
10/8/2023,Building_C,88.07,52.84,79.26,13.21,46.24,24.22,62.5,85.71,,
11/8/2023,Building_C,88.07,52.84,79.26,13.21,46.24,24.22,62.5,85.71,,
12/8/2023,Building_C,0,0,0,0,0,0,0,0,,
13/8/2023,Building_C,0,0,0,0,0,0,0,0,,
14/8/2023,Building_C,96.87,57.24,88.07,13.21,46.24,24.22,62.86,86.96,,
15/8/2023,Building_C,96.87,57.24,88.07,13.21,46.24,24.22,62.86,86.96,,
16/8/2023,Building_C,96.87,57.24,88.07,13.21,46.24,24.22,62.86,86.96,,
17/8/2023,Building_C,96.87,57.24,88.07,13.21,46.24,24.22,62.86,86.96,,
18/8/2023,Building_C,96.87,57.24,88.07,13.21,46.24,24.22,62.86,86.96,,
19/8/2023,Building_C,96.87,57.24,88.07,13.21,46.24,24.22,62.86,86.96,,
20/8/2023,Building_C,96.87,57.24,88.07,13.21,46.24,24.22,62.86,86.96,,
21/8/2023,Building_C,96.87,57.24,88.07,13.21,46.24,24.22,62.86,86.96,,
22/8/2023,Building_C,96.87,57.24,88.07,13.21,46.24,24.22,62.86,86.96,,
23/8/2023,Building_C,96.87,57.24,88.07,13.21,46.24,24.22,62.86,86.96,,
24/8/2023,Building_C,96.87,57.24,88.07,13.21,46.24,24.22,62.86,86.96,,
25/8/2023,Building_C,96.87,57.24,88.07,13.21,46.24,24.22,62.86,86.96,,
26/8/2023,Building_C,96.87,57.24,88.07,13.21,46.24,24.22,62.86,86.96,,
27/8/2023,Building_C,96.87,57.24,88.07,13.21,46.24,24.22,62.86,86.96,,
28/8/2023,Building_C,96.87,57.24,88.07,13.21,46.24,24.22,62.86,86.96,,
29/8/2023,Building_C,96.87,52.84,88.07,13.21,46.24,24.22,64.71,86.96,,
30/8/2023,Building_C,96.87,52.84,88.07,13.21,46.24,26.42,64.71,86.96,,
31/8/2023,Building_C,96.87,52.84,88.07,13.21,46.24,26.42,64.71,86.96,,
1/9/2023,Building_C,96.87,52.84,88.07,13.21,46.24,26.42,64.71,86.96,,
2/9/2023,Building_C,88.07,52.84,83.66,13.21,46.24,26.42,62.5,86.36,,
3/9/2023,Building_C,88.07,52.84,83.66,13.21,46.24,26.42,62.5,86.36,,
4/9/2023,Building_C,88.07,52.84,83.66,13.21,46.24,26.42,62.5,86.36,,
5/9/2023,Building_C,88.07,52.84,83.66,13.21,46.24,26.42,62.5,86.36,,
6/9/2023,Building_C,88.07,52.84,83.66,13.21,46.24,26.42,62.5,86.36,,
7/9/2023,Building_C,88.07,52.84,83.66,13.21,46.24,26.42,62.5,86.36,,
8/9/2023,Building_C,83.66,52.84,79.26,13.21,46.24,26.42,61.29,85.71,,
9/9/2023,Building_C,83.66,52.84,79.26,13.21,46.24,26.42,61.29,85.71,,
10/9/2023,Building_C,83.66,52.84,79.26,13.21,46.24,26.42,61.29,85.71,,
11/9/2023,Building_C,96.87,44.03,88.07,13.21,46.24,26.42,68.75,86.96,,
12/9/2023,Building_C,96.87,44.03,88.07,13.21,46.24,26.42,68.75,86.96,,
13/9/2023,Building_C,96.87,44.03,88.07,13.21,46.24,26.42,68.75,86.96,,
14/9/2023,Building_C,96.87,44.03,88.07,13.21,46.24,26.42,68.75,86.96,,
15/9/2023,Building_C,96.87,44.03,88.07,13.21,46.24,26.42,68.75,86.96,,
16/9/2023,Building_C,96.87,44.03,88.07,13.21,46.24,26.42,68.75,86.96,,
17/9/2023,Building_C,96.87,44.03,88.07,13.21,46.24,26.42,68.75,86.96,,
18/9/2023,Building_C,96.87,44.03,88.07,13.21,46.24,26.42,68.75,86.96,,
19/9/2023,Building_C,96.87,44.03,88.07,13.21,46.24,26.42,68.75,86.96,,
20/9/2023,Building_C,96.87,44.03,88.07,13.21,46.24,26.42,68.75,86.96,,
21/9/2023,Building_C,88.07,44.03,83.66,13.21,46.24,26.42,66.67,86.36,,
22/9/2023,Building_C,88.07,44.03,83.66,13.21,46.24,26.42,66.67,86.36,,
23/9/2023,Building_C,88.07,44.03,83.66,13.21,46.24,26.42,66.67,86.36,,
24/9/2023,Building_C,88.07,44.03,83.66,13.21,46.24,23.78,66.67,86.36,,
25/9/2023,Building_C,105.68,48.44,96.87,13.21,46.24,23.78,68.57,88,,
26/9/2023,Building_C,101.28,48.44,92.47,13.21,46.24,26.42,67.65,87.5,,
27/9/2023,Building_C,101.28,48.44,92.47,13.21,46.24,26.42,67.65,87.5,,
28/9/2023,Building_C,101.28,48.44,92.47,13.21,46.24,26.42,67.65,87.5,,
29/9/2023,Building_C,101.28,48.44,92.47,13.21,46.24,26.42,67.65,87.5,,
30/9/2023,Building_C,101.28,48.44,92.47,13.21,46.24,26.42,67.65,87.5,,
1/10/2023,Building_C,101.28,48.44,92.47,13.21,46.24,26.42,67.65,87.5,,
2/10/2023,Building_C,101.28,48.44,92.47,13.21,46.24,26.42,67.65,87.5,,
3/10/2023,Building_C,101.28,48.44,92.47,13.21,46.24,26.42,67.65,87.5,,
4/10/2023,Building_C,101.28,48.44,92.47,13.21,46.24,26.42,67.65,87.5,,
5/10/2023,Building_C,96.87,48.44,88.07,13.21,46.24,26.42,66.67,86.96,,
6/10/2023,Building_C,96.87,48.44,88.07,13.21,46.24,26.42,66.67,86.96,,
7/10/2023,Building_C,96.87,48.44,88.07,13.21,46.24,26.42,66.67,86.96,,
8/10/2023,Building_C,92.47,39.63,81.46,14.97,46.24,26.42,70,84.47,,
9/10/2023,Building_C,92.47,39.63,81.46,14.97,46.24,26.42,70,84.47,,
10/10/2023,Building_C,92.47,39.63,81.46,14.97,46.24,26.42,70,84.47,,
11/10/2023,Building_C,92.47,39.63,81.46,14.97,46.24,26.42,70,84.47,,
12/10/2023,Building_C,92.47,39.63,81.46,14.97,46.24,26.42,70,84.47,,
13/10/2023,Building_C,92.47,39.63,81.46,14.97,46.24,26.42,70,84.47,,
14/10/2023,Building_C,92.47,39.63,81.46,14.97,46.24,26.42,70,84.47,,
15/10/2023,Building_C,96.87,57.24,88.07,14.97,46.24,26.42,62.86,85.47,,
16/10/2023,Building_C,96.87,57.24,88.07,14.97,46.24,26.42,62.86,85.47,,
17/10/2023,Building_C,96.87,57.24,88.07,14.97,46.24,26.42,62.86,85.47,,
18/10/2023,Building_C,96.87,57.24,88.07,14.97,46.24,26.42,62.86,85.47,,
19/10/2023,Building_C,96.87,57.24,88.07,14.97,46.24,26.42,62.86,85.47,,
20/10/2023,Building_C,96.87,57.24,88.07,14.97,46.24,26.42,62.86,85.47,,
21/10/2023,Building_C,96.87,57.24,88.07,14.97,46.24,26.42,62.86,85.47,,
22/10/2023,Building_C,96.87,57.24,88.07,14.97,46.24,26.42,62.86,85.47,,
23/10/2023,Building_C,96.87,57.24,88.07,14.97,46.24,26.42,62.86,85.47,,
24/10/2023,Building_C,96.87,57.24,88.07,14.97,46.24,26.42,62.86,85.47,,
25/10/2023,Building_C,96.87,57.24,88.07,14.97,46.24,26.42,62.86,85.47,,
26/10/2023,Building_C,96.87,57.24,88.07,14.97,46.24,26.42,62.86,85.47,,
27/10/2023,Building_C,96.87,57.24,88.07,14.97,46.24,26.42,62.86,85.47,,
28/10/2023,Building_C,96.87,57.24,88.07,14.97,46.24,26.42,62.86,85.47,,
29/10/2023,Building_C,96.87,57.24,88.07,14.97,46.24,26.42,62.86,85.47,,
30/10/2023,Building_C,96.87,57.24,88.07,14.97,46.24,26.42,62.86,85.47,,
31/10/2023,Building_C,96.87,57.24,88.07,14.97,46.24,26.42,62.86,85.47,,
1/11/2023,Building_C,96.87,57.24,88.07,14.97,46.24,26.42,62.86,85.47,,
2/11/2023,Building_C,96.87,57.24,88.07,14.97,46.24,26.42,62.86,85.47,,
3/11/2023,Building_C,96.87,57.24,88.07,14.97,46.24,26.42,62.86,85.47,,
4/11/2023,Building_C,96.87,57.24,88.07,14.97,46.24,26.42,62.86,85.47,,
5/11/2023,Building_C,96.87,57.24,88.07,14.97,46.24,26.42,62.86,85.47,,
6/11/2023,Building_C,96.87,57.24,88.07,14.97,46.24,26.42,62.86,85.47,,
7/11/2023,Building_C,96.87,57.24,88.07,14.97,46.24,26.42,62.86,85.47,,
8/11/2023,Building_C,96.87,57.24,88.07,14.97,46.24,26.42,62.86,85.47,,
9/11/2023,Building_C,88.07,57.24,83.66,14.97,46.24,26.42,60.61,84.82,,
10/11/2023,Building_C,88.07,57.24,83.66,14.97,46.24,26.42,60.61,84.82,,
11/11/2023,Building_C,88.07,57.24,83.66,14.97,46.24,26.42,60.61,84.82,,
12/11/2023,Building_C,88.07,44.03,79.26,14.97,46.24,22.02,66.67,84.11,,
13/11/2023,Building_C,88.07,44.03,79.26,14.97,46.24,22.02,66.67,84.11,,
14/11/2023,Building_C,88.07,44.03,79.26,14.97,46.24,22.02,66.67,84.11,,
15/11/2023,Building_C,88.07,30.82,77.06,8.81,48.44,22.02,74.07,89.74,,
16/11/2023,Building_C,88.07,30.82,77.06,8.81,48.44,22.02,74.07,89.74,,
17/11/2023,Building_C,88.07,30.82,74.86,8.81,48.44,22.02,74.07,89.47,,
18/11/2023,Building_C,88.07,26.42,72.66,8.81,48.44,22.02,76.92,89.19,,
19/11/2023,Building_C,83.66,26.42,72.66,8.81,48.44,22.02,76,89.19,,
20/11/2023,Building_C,96.87,61.65,88.07,13.21,48.44,22.02,61.11,86.96,,
21/11/2023,Building_C,96.87,61.65,88.07,13.21,48.44,22.02,61.11,86.96,,
22/11/2023,Building_C,96.87,61.65,88.07,13.21,48.44,22.02,61.11,86.96,,
23/11/2023,Building_C,96.87,61.65,88.07,13.21,48.44,22.02,61.11,86.96,,
24/11/2023,Building_C,96.87,61.65,88.07,13.21,48.44,22.02,61.11,86.96,,
25/11/2023,Building_C,96.87,61.65,88.07,13.21,48.44,22.02,61.11,86.96,,
26/11/2023,Building_C,96.87,61.65,88.07,13.21,48.44,22.02,61.11,86.96,,
27/11/2023,Building_C,96.87,61.65,88.07,13.21,48.44,22.02,61.11,86.96,,
28/11/2023,Building_C,96.87,61.65,88.07,13.21,48.44,22.02,61.11,86.96,,
29/11/2023,Building_C,96.87,61.65,88.07,13.21,48.44,22.02,61.11,86.96,,
30/11/2023,Building_C,96.87,61.65,88.07,13.21,48.44,22.02,61.11,86.96,,
1/12/2023,Building_C,96.87,61.65,88.07,13.21,48.44,22.02,61.11,86.96,,
2/12/2023,Building_C,92.47,57.24,83.66,13.21,48.44,22.02,61.76,86.36,,
3/12/2023,Building_C,92.47,57.24,83.66,13.21,48.44,22.02,61.76,86.36,,
4/12/2023,Building_C,96.87,57.24,88.07,13.21,48.44,22.02,62.86,86.96,,
5/12/2023,Building_C,96.87,57.24,88.07,13.21,48.44,22.02,62.86,86.96,,
6/12/2023,Building_C,96.87,57.24,88.07,13.21,48.44,22.02,62.86,86.96,,
7/12/2023,Building_C,96.87,57.24,88.07,13.21,48.44,22.02,62.86,86.96,,
8/12/2023,Building_C,96.87,57.24,88.07,13.21,48.44,22.02,62.86,86.96,,
9/12/2023,Building_C,96.87,57.24,88.07,13.21,48.44,22.02,62.86,86.96,,
10/12/2023,Building_C,96.87,57.24,88.07,13.21,48.44,22.02,62.86,86.96,,
11/12/2023,Building_C,96.87,57.24,88.07,13.21,48.44,22.02,62.86,86.96,,
12/12/2023,Building_C,96.87,57.24,88.07,13.21,48.44,22.02,62.86,86.96,,
13/12/2023,Building_C,96.87,57.24,88.07,13.21,48.44,22.02,62.86,86.96,,
14/12/2023,Building_C,96.87,57.24,88.07,13.21,48.44,22.02,62.86,86.96,,
15/12/2023,Building_C,96.87,57.24,88.07,13.21,48.44,22.02,62.86,86.96,,
16/12/2023,Building_C,96.87,57.24,88.07,13.21,48.44,22.02,62.86,86.96,,
17/12/2023,Building_C,96.87,57.24,88.07,13.21,48.44,22.02,62.86,86.96,,
18/12/2023,Building_C,96.87,57.24,88.07,13.21,48.44,22.02,62.86,86.96,,
19/12/2023,Building_C,96.87,57.24,88.07,13.21,48.44,22.02,62.86,86.96,,
20/12/2023,Building_C,96.87,57.24,88.07,13.21,48.44,22.02,62.86,86.96,,
21/12/2023,Building_C,96.87,57.24,88.07,13.21,48.44,22.02,62.86,86.96,,
22/12/2023,Building_C,96.87,57.24,88.07,13.21,48.44,22.02,62.86,86.96,,
23/12/2023,Building_C,96.87,57.24,88.07,13.21,48.44,22.02,62.86,86.96,,
24/12/2023,Building_C,96.87,57.24,88.07,13.21,48.44,22.02,62.86,86.96,,
25/12/2023,Building_C,96.87,57.24,88.07,13.21,48.44,22.02,62.86,86.96,,
26/12/2023,Building_C,92.47,57.24,85.87,13.21,48.44,22.02,61.76,86.67,,
27/12/2023,Building_C,92.47,57.24,85.87,13.21,48.44,22.02,61.76,86.67,,
28/12/2023,Building_C,92.47,57.24,83.66,13.21,48.44,22.02,61.76,86.36,,
29/12/2023,Building_C,92.47,57.24,83.66,13.21,48.44,22.02,61.76,86.36,,
30/12/2023,Building_C,92.47,57.24,83.66,13.21,48.44,22.02,61.76,86.36,,
31/12/2023,Building_C,0,0,0,0,0,0,0,0,,
1/1/2024,Building_C,96.87,61.65,88.07,13.21,48.44,22.02,61.11,86.96,,
2/1/2024,Building_C,96.87,61.65,88.07,13.21,48.44,22.02,61.11,86.96,,
3/1/2024,Building_C,96.87,61.65,88.07,13.21,48.44,22.02,61.11,86.96,,
4/1/2024,Building_C,96.87,61.65,88.07,13.21,48.44,22.02,61.11,86.96,,
5/1/2024,Building_C,96.87,61.65,88.07,13.21,48.44,22.02,61.11,86.96,,
6/1/2024,Building_C,96.87,61.65,88.07,13.21,48.44,22.02,61.11,86.96,,
7/1/2024,Building_C,96.87,61.65,88.07,13.21,48.44,22.02,61.11,86.96,,
8/1/2024,Building_C,96.87,61.65,88.07,13.21,48.44,22.02,61.11,86.96,,
9/1/2024,Building_C,96.87,61.65,88.07,13.21,48.44,22.02,61.11,86.96,,
10/1/2024,Building_C,96.87,61.65,88.07,13.21,48.44,22.02,61.11,86.96,,
11/1/2024,Building_C,96.87,61.65,88.07,13.21,48.44,22.02,61.11,86.96,,
12/1/2024,Building_C,96.87,61.65,83.66,13.21,48.44,22.02,61.11,86.36,,
13/1/2024,Building_C,96.87,61.65,83.66,13.21,48.44,22.02,61.11,86.36,,
14/1/2024,Building_C,96.87,61.65,83.66,13.21,48.44,22.02,61.11,86.36,,
15/1/2024,Building_C,96.87,61.65,88.07,13.21,48.44,22.02,61.11,86.96,,
16/1/2024,Building_C,96.87,61.65,88.07,13.21,48.44,22.02,61.11,86.96,,
17/1/2024,Building_C,96.87,61.65,88.07,13.21,48.44,22.02,61.11,86.96,,
18/1/2024,Building_C,96.87,61.65,88.07,13.21,48.44,22.02,61.11,86.96,,
19/1/2024,Building_C,96.87,61.65,88.07,13.21,48.44,22.02,61.11,86.96,,
20/1/2024,Building_C,96.87,61.65,88.07,13.21,48.44,22.02,61.11,86.96,,
21/1/2024,Building_C,96.87,61.65,88.07,13.21,48.44,22.02,61.11,86.96,,
22/1/2024,Building_C,92.47,61.65,83.66,13.21,48.44,22.02,60,86.36,,
23/1/2024,Building_C,92.47,61.65,83.66,13.21,48.44,22.02,60,86.36,,
24/1/2024,Building_C,92.47,61.65,83.66,13.21,48.44,22.02,60,86.36,,
25/1/2024,Building_C,92.47,61.65,83.66,13.21,48.44,22.02,60,86.36,,
26/1/2024,Building_C,92.47,61.65,83.66,13.21,48.44,22.02,60,86.36,,
27/1/2024,Building_C,92.47,61.65,83.66,13.21,48.44,22.02,60,86.36,,
28/1/2024,Building_C,92.47,61.65,83.66,13.21,48.44,22.02,60,86.36,,
29/1/2024,Building_C,96.87,57.24,88.07,13.21,48.44,22.02,62.86,86.96,,
30/1/2024,Building_C,96.87,57.24,88.07,13.21,48.44,22.02,62.86,86.96,,
31/1/2024,Building_C,96.87,57.24,88.07,13.21,48.44,22.02,62.86,86.96,,
1/2/2024,Building_C,96.87,57.24,88.07,13.21,48.44,22.02,62.86,86.96,,
2/2/2024,Building_C,96.87,57.24,88.07,13.21,48.44,22.02,62.86,86.96,,
3/2/2024,Building_C,96.87,57.24,88.07,13.21,48.44,22.02,62.86,86.96,,
4/2/2024,Building_C,96.87,57.24,88.07,13.21,48.44,22.02,62.86,86.96,,
5/2/2024,Building_C,96.87,57.24,88.07,13.21,48.44,22.02,62.86,86.96,,
6/2/2024,Building_C,96.87,57.24,88.07,13.21,48.44,22.02,62.86,86.96,,
7/2/2024,Building_C,96.87,57.24,83.66,13.21,48.44,22.02,62.86,86.36,,
8/2/2024,Building_C,96.87,57.24,83.66,13.21,48.44,22.02,62.86,86.36,,
9/2/2024,Building_C,96.87,57.24,83.66,13.21,48.44,22.02,62.86,86.36,,
10/2/2024,Building_C,96.87,57.24,83.66,13.21,48.44,22.02,62.86,86.36,,
11/2/2024,Building_C,96.87,57.24,83.66,13.21,48.44,22.02,62.86,86.36,,
12/2/2024,Building_C,96.87,57.24,83.66,13.21,48.44,22.02,62.86,86.36,,
13/2/2024,Building_C,96.87,57.24,83.66,13.21,48.44,22.02,62.86,86.36,,
14/2/2024,Building_C,96.87,57.24,83.66,13.21,48.44,22.02,62.86,86.36,,
15/2/2024,Building_C,96.87,57.24,83.66,13.21,48.44,22.02,62.86,86.36,,
16/2/2024,Building_C,96.87,48.44,85.87,13.21,48.44,22.02,66.67,86.67,,
17/2/2024,Building_C,96.87,48.44,85.87,13.21,48.44,22.02,66.67,86.67,,
18/2/2024,Building_C,96.87,48.44,85.87,13.21,48.44,22.02,66.67,86.67,,
19/2/2024,Building_C,96.87,44.03,85.87,13.21,48.44,22.02,68.75,86.18,,
20/2/2024,Building_C,96.87,44.03,82.34,13.21,48.44,22.02,68.75,86.18,,
21/2/2024,Building_C,88.07,44.03,81.46,13.21,48.44,22.02,66.67,86.05,,
22/2/2024,Building_C,88.07,44.03,81.46,13.21,48.44,22.02,66.67,86.05,,
23/2/2024,Building_C,88.07,44.03,81.46,13.21,48.44,22.02,66.67,86.05,,
24/2/2024,Building_C,88.07,44.03,79.26,13.21,48.44,22.02,66.67,85.71,,
25/2/2024,Building_C,88.07,44.03,79.26,13.21,48.44,22.02,66.67,85.71,,
26/2/2024,Building_C,96.87,57.24,88.07,13.21,48.44,22.02,62.86,86.96,,
27/2/2024,Building_C,96.87,57.24,88.07,13.21,48.44,22.02,62.86,86.96,,
28/2/2024,Building_C,96.87,57.24,88.07,13.21,48.44,22.02,62.86,86.96,,
29/2/2024,Building_C,96.87,57.24,88.07,13.21,48.44,22.02,62.86,86.96,,
1/3/2024,Building_C,96.87,57.24,88.07,13.21,48.44,22.02,62.86,86.96,,
2/3/2024,Building_C,96.87,57.24,88.07,13.21,48.44,22.02,62.86,86.96,,
3/3/2024,Building_C,96.87,57.24,88.07,13.21,48.44,22.02,62.86,86.96,,
4/3/2024,Building_C,96.87,57.24,88.07,13.21,48.44,22.02,62.86,86.96,,
5/3/2024,Building_C,96.87,57.24,88.07,13.21,48.44,22.02,62.86,86.96,,
6/3/2024,Building_C,96.87,57.24,88.07,13.21,48.44,22.02,62.86,86.96,,
7/3/2024,Building_C,96.87,57.24,88.07,13.21,48.44,22.02,62.86,86.96,,
8/3/2024,Building_C,96.87,57.24,88.07,13.21,48.44,22.02,62.86,86.96,,
9/3/2024,Building_C,96.87,57.24,88.07,13.21,48.44,22.02,62.86,86.96,,
10/3/2024,Building_C,96.87,57.24,88.07,13.21,48.44,22.02,62.86,86.96,,
11/3/2024,Building_C,96.87,57.24,88.07,13.21,48.44,22.02,62.86,86.96,,
12/3/2024,Building_C,96.87,57.24,88.07,13.21,48.44,22.02,62.86,86.96,,
13/3/2024,Building_C,96.87,57.24,88.07,13.21,48.44,22.02,62.86,86.96,,
14/3/2024,Building_C,96.87,57.24,88.07,13.21,48.44,22.02,62.86,86.96,,
15/3/2024,Building_C,96.87,57.24,88.07,13.21,48.44,22.02,62.86,86.96,,
16/3/2024,Building_C,96.87,57.24,88.07,13.21,48.44,22.02,62.86,86.96,,
17/3/2024,Building_C,96.87,57.24,88.07,13.21,48.44,22.02,62.86,86.96,,
18/3/2024,Building_C,96.87,57.24,88.07,13.21,48.44,22.02,62.86,86.96,,
19/3/2024,Building_C,96.87,57.24,88.07,13.21,48.44,22.02,62.86,86.96,,
20/3/2024,Building_C,88.07,57.24,83.66,13.21,48.44,22.02,60.61,86.36,,
21/3/2024,Building_C,88.07,57.24,83.66,13.21,48.44,22.02,60.61,86.36,,
22/3/2024,Building_C,88.07,57.24,83.66,13.21,48.44,22.02,60.61,86.36,,
23/3/2024,Building_C,88.07,57.24,83.66,13.21,48.44,22.02,60.61,86.36,,
24/3/2024,Building_C,88.07,57.24,83.66,13.21,48.44,22.02,60.61,86.36,,
25/3/2024,Building_C,96.87,57.24,88.07,13.21,48.44,22.02,62.86,86.96,,
26/3/2024,Building_C,96.87,57.24,88.07,13.21,48.44,22.02,62.86,86.96,,
27/3/2024,Building_C,96.87,57.24,88.07,13.21,48.44,22.02,62.86,86.96,,
28/3/2024,Building_C,96.87,57.24,88.07,13.21,48.44,22.02,62.86,86.96,,
29/3/2024,Building_C,96.87,57.24,88.07,13.21,48.44,22.02,62.86,86.96,,
30/3/2024,Building_C,96.87,57.24,88.07,13.21,48.44,22.02,62.86,86.96,,
31/3/2024,Building_C,96.87,57.24,88.07,13.21,48.44,22.02,62.86,86.96,,
1/4/2024,Building_C,96.87,57.24,88.07,13.21,48.44,22.02,62.86,86.96,,
2/4/2024,Building_C,96.87,57.24,88.07,13.21,48.44,22.02,62.86,86.96,,
3/4/2024,Building_C,96.87,57.24,88.07,13.21,48.44,22.02,62.86,86.96,,
4/4/2024,Building_C,96.87,57.24,88.07,13.21,48.44,22.02,62.86,86.96,,
5/4/2024,Building_C,96.87,57.24,88.07,13.21,48.44,22.02,62.86,86.96,,
6/4/2024,Building_C,92.47,57.24,836.64,13.21,48.44,22.02,61.76,98.45,,
7/4/2024,Building_C,92.47,57.24,836.64,13.21,48.44,22.02,61.76,98.45,,
8/4/2024,Building_C,96.87,57.24,88.07,13.21,48.44,22.02,62.86,86.96,,
9/4/2024,Building_C,96.87,57.24,88.07,13.21,48.44,22.02,62.86,86.96,,
10/4/2024,Building_C,96.87,57.24,88.07,13.21,48.44,22.02,62.86,86.96,,
11/4/2024,Building_C,96.87,57.24,88.07,13.21,48.44,22.02,62.86,86.96,,
12/4/2024,Building_C,96.87,57.24,88.07,13.21,48.44,22.02,62.86,86.96,,
13/4/2024,Building_C,0,0,0,0,0,0,0,0,,
14/4/2024,Building_C,96.87,57.24,88.07,13.21,48.44,22.02,62.86,86.96,,
15/4/2024,Building_C,96.87,57.24,88.07,13.21,48.44,22.02,62.86,86.96,,
16/4/2024,Building_C,96.87,57.24,88.07,13.21,48.44,22.02,62.86,86.96,,
17/4/2024,Building_C,96.87,57.24,88.07,13.21,48.44,22.02,62.86,86.96,,
18/4/2024,Building_C,96.87,57.24,88.07,13.21,48.44,22.02,62.86,86.96,,
19/4/2024,Building_C,96.87,57.24,88.07,13.21,48.44,22.02,62.86,86.96,,
20/4/2024,Building_C,96.87,57.24,88.07,13.21,48.44,22.02,62.86,86.96,,
21/4/2024,Building_C,96.87,57.24,88.07,13.21,48.44,22.02,62.86,86.96,,
22/4/2024,Building_C,96.87,57.24,88.07,13.21,48.44,22.02,62.86,86.96,,
23/4/2024,Building_C,96.87,57.24,88.07,13.21,48.44,22.02,62.86,86.96,,
24/4/2024,Building_C,94.67,57.24,85.87,13.21,48.44,22.02,62.32,86.67,,
25/4/2024,Building_C,94.67,57.24,85.87,13.21,48.44,22.02,62.32,86.67,,
26/4/2024,Building_C,94.67,57.24,85.87,13.21,48.44,22.02,62.32,86.67,,
27/4/2024,Building_C,94.67,57.24,85.87,13.21,48.44,22.02,62.32,86.67,,
28/4/2024,Building_C,92.47,57.24,85.87,13.21,48.44,22.02,61.76,86.67,,
29/4/2024,Building_C,88.07,57.24,79.26,13.21,48.44,22.02,60.61,85.71,,
30/4/2024,Building_C,88.07,57.24,79.26,13.21,48.44,22.02,60.61,85.71,,
1/5/2024,Building_C,85.87,57.24,79.26,13.21,48.44,22.02,60,85.71,,
2/5/2024,Building_C,85.87,57.24,79.26,13.21,48.44,22.02,60,85.71,,
3/5/2024,Building_C,85.87,57.24,79.26,13.21,48.44,22.02,60,85.71,,
4/5/2024,Building_C,85.87,57.24,79.26,13.21,48.44,22.02,60,85.71,,
5/5/2024,Building_C,85.87,57.24,79.26,13.21,48.44,22.02,60,85.71,,
6/5/2024,Building_C,96.87,57.24,88.07,13.21,48.44,22.02,62.86,86.96,,
7/5/2024,Building_C,96.87,57.24,88.07,13.21,48.44,22.02,62.86,86.96,,
8/5/2024,Building_C,96.87,57.24,88.07,13.21,48.44,22.02,62.86,86.96,,
9/5/2024,Building_C,96.87,57.24,88.07,13.21,48.44,22.02,62.86,86.96,,
10/5/2024,Building_C,96.87,57.24,88.07,13.21,48.44,22.02,62.86,86.96,,
11/5/2024,Building_C,96.87,57.24,88.07,13.21,48.44,22.02,62.86,86.96,,
12/5/2024,Building_C,96.87,57.24,88.07,13.21,48.44,22.02,62.86,86.96,,
13/5/2024,Building_C,96.87,57.24,88.07,13.21,48.44,22.02,62.86,86.96,,
14/5/2024,Building_C,96.87,57.24,88.07,13.21,48.44,22.02,62.86,86.96,,
15/5/2024,Building_C,96.87,57.24,88.07,13.21,48.44,22.02,62.86,86.96,,
16/5/2024,Building_C,96.87,57.24,88.07,13.21,48.44,22.02,62.86,86.96,,
17/5/2024,Building_C,96.87,57.24,88.07,13.21,48.44,22.02,62.86,86.96,,
18/5/2024,Building_C,96.87,57.24,88.07,13.21,48.44,22.02,62.86,86.96,,
19/5/2024,Building_C,96.87,57.24,88.07,13.21,48.44,22.02,62.86,86.96,,
20/5/2024,Building_C,96.87,57.24,88.07,13.21,48.44,22.02,62.86,86.96,,
21/5/2024,Building_C,96.87,57.24,88.07,13.21,48.44,22.02,62.86,86.96,,
22/5/2024,Building_C,96.87,57.24,88.07,13.21,48.44,22.02,62.86,86.96,,
23/5/2024,Building_C,96.87,57.24,88.07,13.21,48.44,22.02,62.86,86.96,,
24/5/2024,Building_C,96.87,57.24,88.07,13.21,48.44,22.02,62.86,86.96,,
25/5/2024,Building_C,96.87,57.24,88.07,13.21,48.44,22.02,62.86,86.96,,
26/5/2024,Building_C,96.87,57.24,88.07,13.21,48.44,22.02,62.86,86.96,,
27/5/2024,Building_C,96.87,57.24,88.07,13.21,48.44,22.02,62.86,86.96,,
28/5/2024,Building_C,96.87,57.24,88.07,13.21,48.44,22.02,62.86,86.96,,
29/5/2024,Building_C,94.67,57.24,85.87,13.21,48.44,22.02,62.32,86.67,,
30/5/2024,Building_C,94.67,57.24,85.87,13.21,48.44,22.02,62.32,86.67,,
31/5/2024,Building_C,94.67,57.24,85.87,13.21,48.44,22.02,62.32,86.67,,
1/6/2024,Building_C,79.26,22.02,66.05,4.4,44.03,22.02,78.26,93.75,,
2/6/2024,Building_C,79.26,22.02,66.05,4.4,44.03,22.02,78.26,93.75,,
3/6/2024,Building_C,96.87,57.24,88.07,13.21,52.84,26.42,62.86,86.96,,
4/6/2024,Building_C,96.87,57.24,88.07,13.21,52.84,26.42,62.86,86.96,,
5/6/2024,Building_C,96.87,57.24,88.07,13.21,52.84,26.42,62.86,86.96,,
6/6/2024,Building_C,96.87,57.24,88.07,13.21,52.84,26.42,62.86,86.96,,
7/6/2024,Building_C,96.87,57.24,88.07,13.21,52.84,26.42,62.86,86.96,,
8/6/2024,Building_C,96.87,57.24,88.07,13.21,52.84,26.42,62.86,86.96,,
9/6/2024,Building_C,96.87,57.24,88.07,13.21,52.84,26.42,62.86,86.96,,
10/6/2024,Building_C,96.87,57.24,88.07,13.21,52.84,26.42,62.86,86.96,,
11/6/2024,Building_C,96.87,57.24,88.07,13.21,52.84,26.42,62.86,86.96,,
12/6/2024,Building_C,96.87,57.24,88.07,13.21,52.84,26.42,62.86,86.96,,
13/6/2024,Building_C,96.87,57.24,88.07,13.21,52.84,26.42,62.86,86.96,,
14/6/2024,Building_C,96.87,57.24,88.07,13.21,52.84,26.42,62.86,86.96,,
15/6/2024,Building_C,96.87,57.24,88.07,13.21,52.84,26.42,62.86,86.96,,
16/6/2024,Building_C,96.87,57.24,88.07,13.21,52.84,26.42,62.86,86.96,,
17/6/2024,Building_C,96.87,57.24,88.07,13.21,52.84,26.42,62.86,86.96,,
18/6/2024,Building_C,96.87,57.24,88.07,13.21,52.84,26.42,62.86,86.96,,
19/6/2024,Building_C,96.87,57.24,88.07,13.21,52.84,26.42,62.86,86.96,,
20/6/2024,Building_C,96.87,57.24,88.07,13.21,52.84,26.42,62.86,86.96,,
21/6/2024,Building_C,96.87,57.24,88.07,13.21,52.84,26.42,62.86,86.96,,
22/6/2024,Building_C,96.87,57.24,88.07,13.21,52.84,26.42,62.86,86.96,,
23/6/2024,Building_C,96.87,57.24,88.07,13.21,52.84,26.42,62.86,86.96,,
24/6/2024,Building_C,96.87,57.24,88.07,13.21,52.84,26.42,62.86,86.96,,
25/6/2024,Building_C,96.87,57.24,88.07,13.21,52.84,26.42,62.86,86.96,,
26/6/2024,Building_C,96.87,57.24,88.07,13.21,52.84,26.42,62.86,86.96,,
27/6/2024,Building_C,88.07,39.63,83.66,8.81,48.44,26.42,68.97,90.48,,
28/6/2024,Building_C,88.07,39.63,83.66,8.81,48.44,26.42,68.97,90.48,,
29/6/2024,Building_C,88.07,39.63,83.66,8.81,48.44,26.42,68.97,90.48,,
30/6/2024,Building_C,88.07,39.63,83.66,8.81,48.44,26.42,68.97,90.48,,
1/7/2024,Building_C,123.29,44.03,110.08,17.61,57.24,33.03,73.68,86.21,,
2/7/2024,Building_C,123.29,44.03,110.08,17.61,57.24,33.03,73.68,86.21,,
3/7/2024,Building_C,123.29,44.03,110.08,17.61,57.24,33.03,73.68,86.21,,
4/7/2024,Building_C,123.29,44.03,110.08,17.61,57.24,33.03,73.68,86.21,,
5/7/2024,Building_C,123.29,44.03,110.08,17.61,57.24,33.03,73.68,86.21,,
6/7/2024,Building_C,123.29,44.03,110.08,17.61,57.24,33.03,73.68,86.21,,
7/7/2024,Building_C,123.29,44.03,110.08,17.61,57.24,33.03,73.68,86.21,,
8/7/2024,Building_C,123.29,44.03,110.08,17.61,57.24,33.03,73.68,86.21,,
9/7/2024,Building_C,123.29,44.03,110.08,17.61,57.24,33.03,73.68,86.21,,
10/7/2024,Building_C,123.29,44.03,110.08,17.61,57.24,33.03,73.68,86.21,,
11/7/2024,Building_C,114.49,44.03,101.28,17.61,57.24,33.03,72.22,85.19,,
12/7/2024,Building_C,114.49,44.03,101.28,17.61,57.24,33.03,72.22,85.19,,
13/7/2024,Building_C,114.49,44.03,101.28,17.61,57.24,33.03,72.22,85.19,,
14/7/2024,Building_C,114.49,44.03,101.28,17.61,57.24,33.03,72.22,85.19,,
15/7/2024,Building_C,114.49,44.03,101.28,17.61,57.24,33.03,72.22,85.19,,
16/7/2024,Building_C,114.49,44.03,101.28,17.61,57.24,33.03,72.22,85.19,,
17/7/2024,Building_C,114.49,44.03,101.28,17.61,57.24,33.03,72.22,85.19,,
18/7/2024,Building_C,114.49,44.03,101.28,17.61,57.24,33.03,72.22,85.19,,
19/7/2024,Building_C,114.49,44.03,101.28,17.61,57.24,33.03,72.22,85.19,,
20/7/2024,Building_C,114.49,39.63,101.28,17.61,57.24,33.03,74.29,85.19,,
21/7/2024,Building_C,114.49,39.63,101.28,17.61,57.24,33.03,74.29,85.19,,
22/7/2024,Building_C,114.49,39.63,101.28,17.61,57.24,33.03,74.29,85.19,,
23/7/2024,Building_C,114.49,39.63,101.28,17.61,57.24,33.03,74.29,85.19,,
24/7/2024,Building_C,114.49,39.63,101.28,17.61,57.24,33.03,74.29,85.19,,
25/7/2024,Building_C,114.49,39.63,101.28,17.61,57.24,33.03,74.29,85.19,,
26/7/2024,Building_C,114.49,39.63,101.28,17.61,57.24,33.03,74.29,85.19,,
27/7/2024,Building_C,114.49,39.63,101.28,17.61,57.24,33.03,74.29,85.19,,
28/7/2024,Building_C,114.49,39.63,101.28,17.61,57.24,33.03,74.29,85.19,,
29/7/2024,Building_C,114.49,44.03,105.68,17.61,57.24,33.03,72.22,85.71,,
30/7/2024,Building_C,114.49,44.03,105.68,17.61,57.24,33.03,72.22,85.71,,
31/7/2024,Building_C,114.49,44.03,105.68,17.61,57.24,33.03,72.22,85.71,,
1/8/2024,Building_C,114.49,44.03,105.68,17.61,57.24,33.03,72.22,85.71,,
2/8/2024,Building_C,114.49,44.03,105.68,17.61,57.24,33.03,72.22,85.71,,
3/8/2024,Building_C,114.49,44.03,105.68,17.61,57.24,33.03,72.22,85.71,,
4/8/2024,Building_C,114.49,44.03,105.68,17.61,57.24,33.03,72.22,85.71,,
5/8/2024,Building_C,114.49,44.03,105.68,17.61,57.24,33.03,72.22,85.71,,
6/8/2024,Building_C,114.49,44.03,105.68,17.61,57.24,33.03,72.22,85.71,,
7/8/2024,Building_C,114.49,44.03,105.68,17.61,57.24,33.03,72.22,85.71,,
8/8/2024,Building_C,114.49,44.03,105.68,17.61,57.24,33.03,72.22,85.71,,
9/8/2024,Building_C,114.49,44.03,105.68,17.61,57.24,33.03,72.22,85.71,,
10/8/2024,Building_C,114.49,44.03,105.68,17.61,57.24,33.03,72.22,85.71,,
11/8/2024,Building_C,114.49,44.03,105.68,17.61,57.24,33.03,72.22,85.71,,
12/8/2024,Building_C,114.49,44.03,105.68,17.61,57.24,33.03,72.22,85.71,,
13/8/2024,Building_C,114.49,44.03,105.68,17.61,57.24,33.03,72.22,85.71,,
14/8/2024,Building_C,114.49,44.03,105.68,17.61,57.24,33.03,72.22,85.71,,
15/8/2024,Building_C,114.49,44.03,105.68,17.61,57.24,33.03,72.22,85.71,,
16/8/2024,Building_C,114.49,44.03,105.68,17.61,57.24,33.03,72.22,85.71,,
17/8/2024,Building_C,105.68,35.23,101.28,15.41,57.24,33.03,75,86.79,,
18/8/2024,Building_C,105.68,35.23,101.28,15.41,57.24,33.03,75,86.79,,
19/8/2024,Building_C,105.68,35.23,101.28,15.41,57.24,33.03,75,86.79,,
20/8/2024,Building_C,105.68,35.23,101.28,15.41,57.24,33.03,75,86.79,,
21/8/2024,Building_C,105.68,35.23,101.28,15.41,57.24,33.03,75,86.79,,
22/8/2024,Building_C,105.68,35.23,101.28,15.41,57.24,33.03,75,86.79,,
23/8/2024,Building_C,105.68,35.23,101.28,15.41,57.24,33.03,75,86.79,,
24/8/2024,Building_C,99.08,35.23,101.28,15.41,57.24,33.03,73.77,86.79,,
25/8/2024,Building_C,99.08,35.23,101.28,15.41,57.24,33.03,73.77,86.79,,
26/8/2024,Building_C,121.09,57.24,105.68,26.42,57.24,33.03,67.9,80,,
27/8/2024,Building_C,121.09,57.24,105.68,26.42,57.24,33.03,67.9,80,,
28/8/2024,Building_C,121.09,57.24,105.68,26.42,57.24,33.03,67.9,80,,
29/8/2024,Building_C,121.09,57.24,105.68,26.42,57.24,33.03,67.9,80,,
30/8/2024,Building_C,121.09,57.24,105.68,26.42,57.24,33.03,67.9,80,,
31/8/2024,Building_C,121.09,57.24,105.68,26.42,57.24,33.03,67.9,80,,
1/9/2024,Building_C,118.89,57.24,105.68,26.42,57.24,33.03,67.5,80,,
2/9/2024,Building_C,118.89,57.24,105.68,26.42,57.24,33.03,67.5,80,,
3/9/2024,Building_C,96.87,57.24,92.47,26.42,57.24,33.03,62.86,77.78,,
4/9/2024,Building_C,96.87,57.24,92.47,26.42,57.24,33.03,62.86,77.78,,
5/9/2024,Building_C,96.87,57.24,92.47,26.42,57.24,33.03,62.86,77.78,,
6/9/2024,Building_C,96.87,57.24,92.47,26.42,57.24,33.03,62.86,77.78,,
7/9/2024,Building_C,96.87,57.24,92.47,26.42,57.24,33.03,62.86,77.78,,
8/9/2024,Building_C,96.87,57.24,92.47,26.42,57.24,33.03,62.86,77.78,,
9/9/2024,Building_C,107.88,57.24,105.68,26.42,57.24,33.03,65.33,80,,
10/9/2024,Building_C,107.88,57.24,105.68,26.42,57.24,33.03,65.33,80,,
11/9/2024,Building_C,107.88,57.24,105.68,26.42,57.24,33.03,65.33,80,,
12/9/2024,Building_C,107.88,57.24,105.68,26.42,57.24,33.03,65.33,80,,
13/9/2024,Building_C,107.88,57.24,105.68,26.42,57.24,33.03,65.33,80,,
14/9/2024,Building_C,107.88,57.24,105.68,26.42,57.24,33.03,65.33,80,,
15/9/2024,Building_C,107.88,57.24,105.68,26.42,57.24,33.03,65.33,80,,
16/9/2024,Building_C,107.88,57.24,105.68,26.42,57.24,33.03,65.33,80,,
17/9/2024,Building_C,107.88,57.24,105.68,26.42,57.24,33.03,65.33,80,,
18/9/2024,Building_C,107.88,57.24,105.68,26.42,57.24,33.03,65.33,80,,
19/9/2024,Building_C,107.88,57.24,105.68,26.42,57.24,33.03,65.33,80,,
20/9/2024,Building_C,105.68,57.24,103.48,26.42,57.24,33.03,64.86,79.66,,
21/9/2024,Building_C,105.68,57.24,103.48,26.42,57.24,33.03,64.86,79.66,,
22/9/2024,Building_C,92.47,57.24,88.07,26.42,57.24,33.03,61.76,76.92,,
23/9/2024,Building_C,105.68,57.24,101.28,26.42,57.24,33.03,64.86,79.31,,
24/9/2024,Building_C,105.68,57.24,101.28,26.42,57.24,33.03,64.86,79.31,,
25/9/2024,Building_C,105.68,57.24,101.28,26.42,57.24,33.03,64.86,79.31,,
26/9/2024,Building_C,105.68,57.24,101.28,26.42,57.24,33.03,64.86,79.31,,
27/9/2024,Building_C,105.68,57.24,101.28,26.42,57.24,33.03,64.86,79.31,,
28/9/2024,Building_C,105.68,57.24,101.28,26.42,57.24,33.03,64.86,79.31,,
29/9/2024,Building_C,105.68,57.24,101.28,26.42,57.24,33.03,64.86,79.31,,
30/9/2024,Building_C,105.68,57.24,101.28,26.42,57.24,33.03,64.86,79.31,,
1/10/2024,Building_C,96.87,44.03,88.07,13.21,52.84,26.42,68.75,86.96,,
2/10/2024,Building_C,96.87,44.03,88.07,13.21,52.84,26.42,68.75,86.96,,
3/10/2024,Building_C,96.87,44.03,88.07,13.21,52.84,26.42,68.75,86.96,,
4/10/2024,Building_C,96.87,44.03,88.07,13.21,52.84,26.42,68.75,86.96,,
5/10/2024,Building_C,96.87,44.03,88.07,13.21,52.84,26.42,68.75,86.96,,
6/10/2024,Building_C,96.87,44.03,88.07,13.21,52.84,26.42,68.75,86.96,,
7/10/2024,Building_C,96.87,44.03,88.07,13.21,52.84,26.42,68.75,86.96,,
8/10/2024,Building_C,96.87,44.03,88.07,13.21,52.84,26.42,68.75,86.96,,
9/10/2024,Building_C,96.87,44.03,88.07,13.21,52.84,26.42,68.75,86.96,,
10/10/2024,Building_C,96.87,44.03,88.07,13.21,52.84,26.42,68.75,86.96,,
11/10/2024,Building_C,96.87,44.03,88.07,13.21,52.84,26.42,68.75,86.96,,
12/10/2024,Building_C,96.87,44.03,88.07,13.21,52.84,26.42,68.75,86.96,,
13/10/2024,Building_C,96.87,44.03,88.07,13.21,52.84,26.42,68.75,86.96,,
14/10/2024,Building_C,96.87,44.03,88.07,13.21,52.84,26.42,68.75,86.96,,
15/10/2024,Building_C,96.87,44.03,88.07,13.21,52.84,26.42,68.75,86.96,,
16/10/2024,Building_C,96.87,44.03,88.07,13.21,52.84,26.42,68.75,86.96,,
17/10/2024,Building_C,96.87,44.03,88.07,13.21,52.84,26.42,68.75,86.96,,
18/10/2024,Building_C,96.87,44.03,88.07,13.21,52.84,26.42,68.75,86.96,,
19/10/2024,Building_C,96.87,44.03,88.07,13.21,52.84,26.42,68.75,86.96,,
20/10/2024,Building_C,96.87,44.03,88.07,13.21,52.84,26.42,68.75,86.96,,
21/10/2024,Building_C,96.87,44.03,88.07,13.21,52.84,26.42,68.75,86.96,,
22/10/2024,Building_C,96.87,44.03,88.07,13.21,52.84,26.42,68.75,86.96,,
23/10/2024,Building_C,96.87,44.03,88.07,13.21,52.84,26.42,68.75,86.96,,
24/10/2024,Building_C,96.87,44.03,88.07,13.21,52.84,26.42,68.75,86.96,,
25/10/2024,Building_C,96.87,44.03,88.07,13.21,52.84,26.42,68.75,86.96,,
26/10/2024,Building_C,96.87,44.03,88.07,13.21,52.84,26.42,68.75,86.96,,
27/10/2024,Building_C,96.87,44.03,88.07,13.21,52.84,26.42,68.75,86.96,,
28/10/2024,Building_C,96.87,44.03,88.07,13.21,52.84,26.42,68.75,86.96,,
29/10/2024,Building_C,96.87,44.03,88.07,13.21,52.84,26.42,68.75,86.96,,
30/10/2024,Building_C,96.87,44.03,88.07,13.21,52.84,26.42,68.75,86.96,,
31/10/2024,Building_C,96.87,44.03,88.07,13.21,52.84,26.42,68.75,86.96,,
1/11/2024,Building_C,96.87,44.03,88.07,13.21,52.84,26.42,68.75,86.96,,
2/11/2024,Building_C,96.87,44.03,88.07,13.21,52.84,26.42,68.75,86.96,,
3/11/2024,Building_C,96.87,44.03,88.07,13.21,52.84,26.42,68.75,86.96,,
4/11/2024,Building_C,96.87,44.03,88.07,13.21,52.84,26.42,68.75,86.96,,
5/11/2024,Building_C,96.87,44.03,88.07,13.21,52.84,26.42,68.75,86.96,,
6/11/2024,Building_C,96.87,44.03,88.07,13.21,52.84,26.42,68.75,86.96,,
7/11/2024,Building_C,96.87,44.03,88.07,13.21,52.84,26.42,68.75,86.96,,
8/11/2024,Building_C,96.87,44.03,88.07,13.21,52.84,26.42,68.75,86.96,,
9/11/2024,Building_C,96.87,44.03,88.07,13.21,52.84,26.42,68.75,86.96,,
10/11/2024,Building_C,96.87,44.03,88.07,13.21,52.84,26.42,68.75,86.96,,
11/11/2024,Building_C,96.87,44.03,88.07,13.21,52.84,26.42,68.75,86.96,,
12/11/2024,Building_C,96.87,44.03,88.07,13.21,52.84,26.42,68.75,86.96,,
13/11/2024,Building_C,96.87,44.03,88.07,13.21,52.84,26.42,68.75,86.96,,
14/11/2024,Building_C,96.87,44.03,88.07,13.21,52.84,26.42,68.75,86.96,,
15/11/2024,Building_C,96.87,44.03,88.07,13.21,52.84,26.42,68.75,86.96,,
16/11/2024,Building_C,96.87,44.03,88.07,13.21,52.84,26.42,68.75,86.96,,
17/11/2024,Building_C,96.87,44.03,88.07,13.21,52.84,26.42,68.75,86.96,,
18/11/2024,Building_C,96.87,44.03,88.07,13.21,52.84,26.42,68.75,86.96,,
19/11/2024,Building_C,96.87,44.03,88.07,13.21,52.84,26.42,68.75,86.96,,
20/11/2024,Building_C,96.87,44.03,88.07,13.21,52.84,26.42,68.75,86.96,,
21/11/2024,Building_C,96.87,44.03,88.07,13.21,52.84,26.42,68.75,86.96,,
22/11/2024,Building_C,96.87,44.03,88.07,13.21,52.84,26.42,68.75,86.96,,
23/11/2024,Building_C,96.87,44.03,88.07,13.21,52.84,26.42,68.75,86.96,,
24/11/2024,Building_C,96.87,44.03,88.07,13.21,52.84,26.42,68.75,86.96,,
25/11/2024,Building_C,96.87,44.03,88.07,13.21,52.84,26.42,68.75,86.96,,
26/11/2024,Building_C,96.87,44.03,88.07,13.21,52.84,26.42,68.75,86.96,,
27/11/2024,Building_C,96.87,44.03,88.07,13.21,52.84,26.42,68.75,86.96,,
28/11/2024,Building_C,96.87,44.03,88.07,13.21,52.84,26.42,68.75,86.96,,
29/11/2024,Building_C,96.87,44.03,88.07,13.21,52.84,26.42,68.75,86.96,,
30/11/2024,Building_C,96.87,44.03,88.07,13.21,52.84,26.42,68.75,86.96,,
1/12/2024,Building_C,96.874,30.823,94.672,8.807,55.042,28.622,75.86,91.49,,
2/12/2024,Building_C,105.68,57.244,101.277,13.21,57.244,33.025,64.86,88.46,,
3/12/2024,Building_C,105.68,57.244,101.277,13.21,57.244,33.025,64.86,88.46,,
4/12/2024,Building_C,105.68,57.244,101.277,13.21,57.244,33.025,64.86,88.46,,
5/12/2024,Building_C,105.68,57.244,101.277,13.21,57.244,33.025,64.86,88.46,,
6/12/2024,Building_C,105.68,57.244,101.277,13.21,57.244,33.025,64.86,88.46,,
7/12/2024,Building_C,105.68,57.244,101.277,13.21,57.244,33.025,64.86,88.46,,
8/12/2024,Building_C,105.68,57.244,101.277,13.21,57.244,33.025,64.86,88.46,,
9/12/2024,Building_C,105.68,57.244,101.277,13.21,57.244,33.025,64.86,88.46,,
10/12/2024,Building_C,105.68,57.244,101.277,13.21,57.244,33.025,64.86,88.46,,
11/12/2024,Building_C,105.68,57.244,101.277,13.21,57.244,33.025,64.86,88.46,,
12/12/2024,Building_C,105.68,57.244,101.277,13.21,57.244,33.025,64.86,88.46,,
13/12/2024,Building_C,105.68,57.244,101.277,13.21,57.244,33.025,64.86,88.46,,
14/12/2024,Building_C,105.68,57.244,101.277,13.21,57.244,33.025,64.86,88.46,,
15/12/2024,Building_C,105.68,57.244,101.277,13.21,57.244,33.025,64.86,88.46,,
16/12/2024,Building_C,105.68,57.244,101.277,13.21,57.244,33.025,64.86,88.46,,
17/12/2024,Building_C,105.68,57.244,101.277,13.21,57.244,33.025,64.86,88.46,,
18/12/2024,Building_C,105.68,57.244,101.277,13.21,57.244,33.025,64.86,88.46,,
19/12/2024,Building_C,105.68,57.244,101.277,13.21,57.244,33.025,64.86,88.46,,
20/12/2024,Building_C,105.68,57.244,101.277,13.21,57.244,33.025,64.86,88.46,,
21/12/2024,Building_C,105.68,57.244,101.277,13.21,57.244,33.025,64.86,88.46,,
22/12/2024,Building_C,105.68,57.244,101.277,13.21,57.244,33.025,64.86,88.46,,
23/12/2024,Building_C,105.68,57.244,101.277,13.21,57.244,33.025,64.86,88.46,,
24/12/2024,Building_C,105.68,57.244,101.277,13.21,57.244,33.025,64.86,88.46,,
25/12/2024,Building_C,105.68,57.244,101.277,13.21,57.244,33.025,64.86,88.46,,
26/12/2024,Building_C,105.68,57.244,101.277,13.21,57.244,33.025,64.86,88.46,,
27/12/2024,Building_C,105.68,57.244,101.277,13.21,57.244,33.025,64.86,88.46,,
28/12/2024,Building_C,105.68,57.244,101.277,13.21,57.244,33.025,64.86,88.46,,
29/12/2024,Building_C,101.277,44.033,96.874,11.008,55.042,30.823,69.7,89.8,,
30/12/2024,Building_C,0,0,0,0,0,0,0,0,,
31/12/2024,Building_C,0,0,0,0,0,0,0,0,,
1/1/2025,Building_C,0,0,0,0,0,0,0,0,,
2/1/2025,Building_C,0,0,0,0,0,0,0,0,,
3/1/2025,Building_C,105.68,57.24,101.28,13.21,57.24,33.03,64.86,88.46,,
4/1/2025,Building_C,105.68,57.24,101.28,13.21,57.24,33.03,64.86,88.46,,
5/1/2025,Building_C,105.68,57.24,101.28,13.21,57.24,33.03,64.86,88.46,,
6/1/2025,Building_C,105.68,57.24,101.28,13.21,57.24,33.03,64.86,88.46,,
7/1/2025,Building_C,105.68,57.24,101.28,13.21,57.24,33.03,64.86,88.46,,
8/1/2025,Building_C,105.68,57.24,101.28,13.21,57.24,33.03,64.86,88.46,,
9/1/2025,Building_C,105.68,57.24,101.28,13.21,57.24,33.03,64.86,88.46,,
10/1/2025,Building_C,105.68,57.24,101.28,13.21,57.24,33.03,64.86,88.46,,
11/1/2025,Building_C,105.68,57.24,101.28,13.21,57.24,33.03,64.86,88.46,,
12/1/2025,Building_C,105.68,57.24,101.28,13.21,57.24,33.03,64.86,88.46,,
13/1/2025,Building_C,105.68,57.24,101.28,13.21,57.24,33.03,64.86,88.46,,
14/1/2025,Building_C,105.68,57.24,101.28,13.21,57.24,33.03,64.86,88.46,,
15/1/2025,Building_C,105.68,57.24,101.28,13.21,57.24,33.03,64.86,88.46,,
16/1/2025,Building_C,105.68,57.24,101.28,13.21,57.24,33.03,64.86,88.46,,
17/1/2025,Building_C,105.68,57.24,101.28,13.21,57.24,33.03,64.86,88.46,,
18/1/2025,Building_C,105.68,57.24,101.28,13.21,57.24,33.03,64.86,88.46,,
19/1/2025,Building_C,105.68,57.24,101.28,13.21,57.24,33.03,64.86,88.46,,
20/1/2025,Building_C,105.68,57.24,101.28,13.21,57.24,33.03,64.86,88.46,,
21/1/2025,Building_C,105.68,57.24,101.28,13.21,57.24,33.03,64.86,88.46,,
22/1/2025,Building_C,105.68,57.24,101.28,13.21,57.24,33.03,64.86,88.46,,
23/1/2025,Building_C,105.68,57.24,101.28,13.21,57.24,33.03,64.86,88.46,,
24/1/2025,Building_C,105.68,57.24,101.28,13.21,57.24,33.03,64.86,88.46,,
25/1/2025,Building_C,105.68,57.24,101.28,13.21,57.24,33.03,64.86,88.46,,
26/1/2025,Building_C,105.68,57.24,101.28,13.21,57.24,33.03,64.86,88.46,,
27/1/2025,Building_C,105.68,57.24,101.28,13.21,57.24,33.03,64.86,88.46,,
28/1/2025,Building_C,105.68,57.24,101.28,13.21,57.24,33.03,64.86,88.46,,
29/1/2025,Building_C,105.68,57.24,101.28,13.21,57.24,33.03,64.86,88.46,,
30/1/2025,Building_C,105.68,57.24,101.28,13.21,57.24,33.03,64.86,88.46,,
31/1/2025,Building_C,105.68,57.24,101.28,13.21,57.24,33.03,64.86,88.46,,
1/2/2025,Building_C,96.87,57.24,88.07,13.21,52.84,26.42,62.86,86.96,,
2/2/2025,Building_C,96.87,57.24,88.07,13.21,52.84,26.42,62.86,86.96,,
3/2/2025,Building_C,96.87,57.24,88.07,13.21,52.84,26.42,62.86,86.96,,
4/2/2025,Building_C,96.87,57.24,88.07,13.21,52.84,26.42,62.86,86.96,,
5/2/2025,Building_C,96.87,57.24,88.07,13.21,52.84,26.42,62.86,86.96,,
6/2/2025,Building_C,96.87,57.24,88.07,13.21,52.84,26.42,62.86,86.96,,
7/2/2025,Building_C,96.87,57.24,88.07,13.21,52.84,26.42,62.86,86.96,,
8/2/2025,Building_C,96.87,57.24,88.07,13.21,52.84,26.42,62.86,86.96,,
9/2/2025,Building_C,96.87,57.24,88.07,13.21,52.84,26.42,62.86,86.96,,
10/2/2025,Building_C,96.87,57.24,88.07,13.21,52.84,26.42,62.86,86.96,,
11/2/2025,Building_C,96.87,57.24,88.07,13.21,52.84,26.42,62.86,86.96,,
12/2/2025,Building_C,96.87,57.24,88.07,13.21,52.84,26.42,62.86,86.96,,
13/2/2025,Building_C,96.87,57.24,88.07,13.21,52.84,26.42,62.86,86.96,,
14/2/2025,Building_C,96.87,57.24,88.07,13.21,52.84,26.42,62.86,86.96,,
15/2/2025,Building_C,96.87,57.24,88.07,13.21,52.84,26.42,62.86,86.96,,
16/2/2025,Building_C,96.87,57.24,88.07,13.21,52.84,26.42,62.86,86.96,,
17/2/2025,Building_C,96.87,57.24,88.07,13.21,52.84,26.42,62.86,86.96,,
18/2/2025,Building_C,96.87,57.24,88.07,13.21,52.84,26.42,62.86,86.96,,
19/2/2025,Building_C,96.87,57.24,88.07,13.21,52.84,26.42,62.86,86.96,,
20/2/2025,Building_C,96.87,57.24,88.07,13.21,52.84,26.42,62.86,86.96,,
21/2/2025,Building_C,96.87,57.24,88.07,13.21,52.84,26.42,62.86,86.96,,
22/2/2025,Building_C,96.87,57.24,88.07,13.21,52.84,26.42,62.86,86.96,,
23/2/2025,Building_C,96.87,57.24,88.07,13.21,52.84,26.42,62.86,86.96,,
24/2/2025,Building_C,96.87,57.24,88.07,13.21,52.84,26.42,62.86,86.96,,
25/2/2025,Building_C,96.87,57.24,88.07,13.21,52.84,26.42,62.86,86.96,,
26/2/2025,Building_C,96.87,57.24,88.07,13.21,52.84,26.42,62.86,86.96,,
27/2/2025,Building_C,96.87,57.24,88.07,13.21,52.84,26.42,62.86,86.96,,
28/2/2025,Building_C,96.87,57.24,88.07,13.21,52.84,26.42,62.86,86.96,,
1/3/2025,Building_C,96.87,57.24,88.07,13.21,52.84,26.42,62.86,86.96,,
2/3/2025,Building_C,96.87,57.24,88.07,13.21,52.84,26.42,62.86,86.96,,
3/3/2025,Building_C,96.87,57.24,88.07,13.21,52.84,26.42,62.86,86.96,,
4/3/2025,Building_C,96.87,57.24,88.07,13.21,52.84,26.42,62.86,86.96,,
5/3/2025,Building_C,96.87,57.24,88.07,13.21,52.84,26.42,62.86,86.96,,
6/3/2025,Building_C,96.87,57.24,88.07,13.21,52.84,26.42,62.86,86.96,,
7/3/2025,Building_C,96.87,57.24,88.07,13.21,52.84,26.42,62.86,86.96,,
8/3/2025,Building_C,96.87,57.24,88.07,13.21,52.84,26.42,62.86,86.96,,
9/3/2025,Building_C,96.87,57.24,88.07,13.21,52.84,26.42,62.86,86.96,,
10/3/2025,Building_C,96.87,57.24,88.07,13.21,52.84,26.42,62.86,86.96,,
11/3/2025,Building_C,96.87,57.24,88.07,13.21,52.84,26.42,62.86,86.96,,
12/3/2025,Building_C,96.87,57.24,88.07,13.21,52.84,26.42,62.86,86.96,,
13/3/2025,Building_C,96.87,57.24,88.07,13.21,52.84,26.42,62.86,86.96,,
14/3/2025,Building_C,96.87,57.24,88.07,13.21,52.84,26.42,62.86,86.96,,
15/3/2025,Building_C,96.87,57.24,88.07,13.21,52.84,26.42,62.86,86.96,,
16/3/2025,Building_C,96.87,57.24,88.07,13.21,52.84,26.42,62.86,86.96,,
17/3/2025,Building_C,96.87,57.24,88.07,13.21,52.84,26.42,62.86,86.96,,
18/3/2025,Building_C,96.87,57.24,88.07,13.21,52.84,26.42,62.86,86.96,,
19/3/2025,Building_C,96.87,57.24,88.07,13.21,52.84,26.42,62.86,86.96,,
20/3/2025,Building_C,96.87,57.24,88.07,13.21,52.84,26.42,62.86,86.96,,
21/3/2025,Building_C,96.87,57.24,88.07,13.21,52.84,26.42,62.86,86.96,,
22/3/2025,Building_C,96.87,57.24,88.07,13.21,52.84,26.42,62.86,86.96,,
23/3/2025,Building_C,96.87,57.24,88.07,13.21,52.84,26.42,62.86,86.96,,
24/3/2025,Building_C,96.87,57.24,88.07,13.21,52.84,26.42,62.86,86.96,,
25/3/2025,Building_C,96.87,57.24,88.07,13.21,52.84,26.42,62.86,86.96,,
26/3/2025,Building_C,96.87,57.24,88.07,13.21,52.84,26.42,62.86,86.96,,
27/3/2025,Building_C,96.87,57.24,88.07,13.21,52.84,26.42,62.86,86.96,,
28/3/2025,Building_C,96.87,57.24,88.07,13.21,52.84,26.42,62.86,86.96,,
29/3/2025,Building_C,96.87,57.24,88.07,13.21,52.84,26.42,62.86,86.96,,
30/3/2025,Building_C,96.87,57.24,88.07,13.21,52.84,26.42,62.86,86.96,,
31/3/2025,Building_C,96.87,57.24,88.07,13.21,52.84,26.42,62.86,86.96,,
1/4/2025,Building_C,105.68,57.24,101.28,13.21,57.24,33.03,64.86,88.46,,
2/4/2025,Building_C,105.68,57.24,101.28,13.21,57.24,33.03,64.86,88.46,,
3/4/2025,Building_C,105.68,57.24,101.28,13.21,57.24,33.03,64.86,88.46,,
4/4/2025,Building_C,105.68,57.24,101.28,13.21,57.24,33.03,64.86,88.46,,
5/4/2025,Building_C,105.68,57.24,101.28,13.21,57.24,33.03,64.86,88.46,,
6/4/2025,Building_C,105.68,57.24,101.28,13.21,57.24,33.03,64.86,88.46,,
7/4/2025,Building_C,105.68,57.24,101.28,13.21,57.24,33.03,64.86,88.46,,
8/4/2025,Building_C,105.68,57.24,101.28,13.21,57.24,33.03,64.86,88.46,,
9/4/2025,Building_C,105.68,57.24,101.28,13.21,57.24,33.03,64.86,88.46,,
10/4/2025,Building_C,105.68,57.24,101.28,13.21,57.24,33.03,64.86,88.46,,
11/4/2025,Building_C,105.68,57.24,101.28,13.21,57.24,33.03,64.86,88.46,,
12/4/2025,Building_C,105.68,57.24,101.28,13.21,57.24,33.03,64.86,88.46,,
13/4/2025,Building_C,105.68,57.24,101.28,13.21,57.24,33.03,64.86,88.46,,
14/4/2025,Building_C,105.68,57.24,101.28,13.21,57.24,33.03,64.86,88.46,,
15/4/2025,Building_C,105.68,57.24,101.28,13.21,57.24,33.03,64.86,88.46,,
16/4/2025,Building_C,105.68,57.24,101.28,13.21,57.24,33.03,64.86,88.46,,
17/4/2025,Building_C,105.68,57.24,101.28,13.21,57.24,33.03,64.86,88.46,,
18/4/2025,Building_C,105.68,57.24,101.28,13.21,57.24,33.03,64.86,88.46,,
19/4/2025,Building_C,105.68,57.24,101.28,13.21,57.24,33.03,64.86,88.46,,
20/4/2025,Building_C,105.68,57.24,101.28,13.21,57.24,33.03,64.86,88.46,,
21/4/2025,Building_C,105.68,57.24,101.28,13.21,57.24,33.03,64.86,88.46,,
22/4/2025,Building_C,105.68,57.24,101.28,13.21,57.24,33.03,64.86,88.46,,
23/4/2025,Building_C,105.68,57.24,101.28,13.21,57.24,33.03,64.86,88.46,,
24/4/2025,Building_C,105.68,57.24,101.28,13.21,57.24,33.03,64.86,88.46,,
25/4/2025,Building_C,105.68,57.24,101.28,13.21,57.24,33.03,64.86,88.46,,
26/4/2025,Building_C,105.68,57.24,101.28,13.21,57.24,33.03,64.86,88.46,,
27/4/2025,Building_C,105.68,57.24,101.28,13.21,57.24,33.03,64.86,88.46,,
28/4/2025,Building_C,105.68,57.24,101.28,13.21,57.24,33.03,64.86,88.46,,
29/4/2025,Building_C,105.68,57.24,101.28,13.21,57.24,33.03,64.86,88.46,,
30/4/2025,Building_C,105.68,57.24,101.28,13.21,57.24,33.03,64.86,88.46,,
1/5/2025,Building_C,96.87,57.24,88.07,13.21,52.84,26.42,62.86,86.96,,
2/5/2025,Building_C,96.87,57.24,88.07,13.21,52.84,26.42,62.86,86.96,,
3/5/2025,Building_C,96.87,57.24,88.07,13.21,52.84,26.42,62.86,86.96,,
4/5/2025,Building_C,96.87,57.24,88.07,13.21,52.84,26.42,62.86,86.96,,
5/5/2025,Building_C,96.87,57.24,88.07,13.21,52.84,26.42,62.86,86.96,,
6/5/2025,Building_C,96.87,57.24,88.07,13.21,52.84,26.42,62.86,86.96,,
7/5/2025,Building_C,96.87,57.24,88.07,13.21,52.84,26.42,62.86,86.96,,
8/5/2025,Building_C,96.87,57.24,88.07,13.21,52.84,26.42,62.86,86.96,,
9/5/2025,Building_C,96.87,57.24,88.07,13.21,52.84,26.42,62.86,86.96,,
10/5/2025,Building_C,96.87,57.24,88.07,13.21,52.84,26.42,62.86,86.96,,
11/5/2025,Building_C,96.87,57.24,88.07,13.21,52.84,26.42,62.86,86.96,,
12/5/2025,Building_C,96.87,57.24,88.07,13.21,52.84,26.42,62.86,86.96,,
13/5/2025,Building_C,96.87,57.24,88.07,13.21,52.84,26.42,62.86,86.96,,
14/5/2025,Building_C,96.87,57.24,88.07,13.21,52.84,26.42,62.86,86.96,,
15/5/2025,Building_C,96.87,57.24,88.07,13.21,52.84,26.42,62.86,86.96,,
16/5/2025,Building_C,96.87,57.24,88.07,13.21,52.84,26.42,62.86,86.96,,
17/5/2025,Building_C,96.87,57.24,88.07,13.21,52.84,26.42,62.86,86.96,,
18/5/2025,Building_C,96.87,57.24,88.07,13.21,52.84,26.42,62.86,86.96,,
19/5/2025,Building_C,96.87,57.24,88.07,13.21,52.84,26.42,62.86,86.96,,
20/5/2025,Building_C,96.87,57.24,88.07,13.21,52.84,26.42,62.86,86.96,,
21/5/2025,Building_C,96.87,57.24,88.07,13.21,52.84,26.42,62.86,86.96,,
22/5/2025,Building_C,96.87,57.24,88.07,13.21,52.84,26.42,62.86,86.96,,
23/5/2025,Building_C,96.87,57.24,88.07,13.21,52.84,26.42,62.86,86.96,,
24/5/2025,Building_C,96.87,57.24,88.07,13.21,52.84,26.42,62.86,86.96,,
25/5/2025,Building_C,96.87,57.24,88.07,13.21,52.84,26.42,62.86,86.96,,
26/5/2025,Building_C,96.87,57.24,88.07,13.21,52.84,26.42,62.86,86.96,,
27/5/2025,Building_C,96.87,57.24,88.07,13.21,52.84,26.42,62.86,86.96,,
28/5/2025,Building_C,96.87,57.24,88.07,13.21,52.84,26.42,62.86,86.96,,
29/5/2025,Building_C,96.87,57.24,88.07,13.21,52.84,26.42,62.86,86.96,,
30/5/2025,Building_C,96.87,57.24,88.07,13.21,52.84,26.42,62.86,86.96,,
31/5/2025,Building_C,96.87,57.24,88.07,13.21,52.84,26.42,62.86,87,,
1/6/2025,Building_C,96.87,57.24,88.07,13.21,52.84,26.42,62.86,86.96,,
2/6/2025,Building_C,96.87,57.24,88.07,13.21,52.84,26.42,62.86,86.96,,
3/6/2025,Building_C,96.87,57.24,88.07,13.21,52.84,26.42,62.86,86.96,,
4/6/2025,Building_C,96.87,57.24,88.07,13.21,52.84,26.42,62.86,86.96,,
5/6/2025,Building_C,96.87,57.24,88.07,13.21,52.84,26.42,62.86,86.96,,
6/6/2025,Building_C,96.87,57.24,88.07,13.21,52.84,26.42,62.86,86.96,,
7/6/2025,Building_C,96.87,57.24,88.07,13.21,52.84,26.42,62.86,86.96,,
8/6/2025,Building_C,96.87,57.24,88.07,13.21,52.84,26.42,62.86,86.96,,
9/6/2025,Building_C,96.87,57.24,88.07,13.21,52.84,26.42,62.86,86.96,,
10/6/2025,Building_C,96.87,57.24,88.07,13.21,52.84,26.42,62.86,86.96,,
11/6/2025,Building_C,96.87,57.24,88.07,13.21,52.84,26.42,62.86,86.96,,
12/6/2025,Building_C,96.87,57.24,88.07,13.21,52.84,26.42,62.86,86.96,,
13/6/2025,Building_C,96.87,57.24,88.07,13.21,52.84,26.42,62.86,86.96,,
14/6/2025,Building_C,96.87,57.24,88.07,13.21,52.84,26.42,62.86,86.96,,
15/6/2025,Building_C,96.87,57.24,88.07,13.21,52.84,26.42,62.86,86.96,,
16/6/2025,Building_C,96.87,57.24,88.07,13.21,52.84,26.42,62.86,86.96,,
17/6/2025,Building_C,96.87,57.24,88.07,13.21,52.84,26.42,62.86,86.96,,
18/6/2025,Building_C,96.87,57.24,88.07,13.21,52.84,26.42,62.86,86.96,,
19/6/2025,Building_C,96.87,57.24,88.07,13.21,52.84,26.42,62.86,86.96,,
20/6/2025,Building_C,96.87,57.24,88.07,13.21,52.84,26.42,62.86,86.96,,
21/6/2025,Building_C,96.87,57.24,88.07,13.21,52.84,26.42,62.86,86.96,,
22/6/2025,Building_C,96.87,57.24,88.07,13.21,52.84,26.42,62.86,86.96,,
23/6/2025,Building_C,96.87,57.24,88.07,13.21,52.84,26.42,62.86,86.96,,
24/6/2025,Building_C,96.87,57.24,88.07,13.21,52.84,26.42,62.86,86.96,,
25/6/2025,Building_C,96.87,57.24,88.07,13.21,52.84,26.42,62.86,86.96,,
26/6/2025,Building_C,96.87,57.24,88.07,13.21,52.84,26.42,62.86,86.96,,
27/6/2025,Building_C,96.87,57.24,88.07,13.21,52.84,26.42,62.86,86.96,,
28/6/2025,Building_C,96.87,57.24,88.07,13.21,52.84,26.42,62.86,86.96,,
29/6/2025,Building_C,96.87,57.24,88.07,13.21,52.84,26.42,62.86,86.96,,
30/6/2025,Building_C,96.87,57.24,88.07,13.21,52.84,26.42,62.86,86.96,,
1/7/2025,Building_C,105.7,57.2,101.3,13.2,57.2,33.0,64.9,88.5,,
2/7/2025,Building_C,105.7,57.2,101.3,13.2,57.2,33.0,64.9,88.5,,
3/7/2025,Building_C,105.7,57.2,101.3,13.2,57.2,33.0,64.9,88.5,,
4/7/2025,Building_C,105.7,57.2,101.3,13.2,57.2,33.0,64.9,88.5,,
5/7/2025,Building_C,105.7,57.2,101.3,13.2,57.2,33.0,64.9,88.5,,
6/7/2025,Building_C,105.7,57.2,101.3,13.2,57.2,33.0,64.9,88.5,,
7/7/2025,Building_C,105.7,57.2,101.3,13.2,57.2,33.0,64.9,88.5,,
8/7/2025,Building_C,105.7,57.2,101.3,13.2,57.2,33.0,64.9,88.5,,
9/7/2025,Building_C,105.7,57.2,101.3,13.2,57.2,33.0,64.9,88.5,,
10/7/2025,Building_C,105.7,57.2,101.3,13.2,57.2,33.0,64.9,88.5,,
11/7/2025,Building_C,105.7,57.2,101.3,13.2,57.2,33.0,64.9,88.5,,
12/7/2025,Building_C,105.7,57.2,101.3,13.2,57.2,33.0,64.9,88.5,,
13/7/2025,Building_C,105.7,57.2,101.3,13.2,57.2,33.0,64.9,88.5,,
14/7/2025,Building_C,105.7,57.2,101.3,13.2,57.2,33.0,64.9,88.5,,
15/7/2025,Building_C,105.7,57.2,101.3,13.2,57.2,33.0,64.9,88.5,,
16/7/2025,Building_C,105.7,57.2,101.3,13.2,57.2,33.0,64.9,88.5,,
17/7/2025,Building_C,105.7,57.2,101.3,13.2,57.2,33.0,64.9,88.5,,
18/7/2025,Building_C,105.7,57.2,101.3,13.2,57.2,33.0,64.9,88.5,,
19/7/2025,Building_C,105.7,57.2,101.3,13.2,57.2,33.0,64.9,88.5,,
20/7/2025,Building_C,105.7,57.2,101.3,13.2,57.2,33.0,64.9,88.5,,
21/7/2025,Building_C,96.9,35.2,92.5,6.6,57.2,33.0,73.3,93.3,,
22/7/2025,Building_C,96.9,35.2,92.5,6.6,57.2,33.0,73.3,93.3,,
23/7/2025,Building_C,96.9,35.2,92.5,6.6,57.2,33.0,73.3,93.3,,
24/7/2025,Building_C,96.9,35.2,92.5,6.6,57.2,33.0,73.3,93.3,,
25/7/2025,Building_C,96.9,35.2,92.5,6.6,57.2,33.0,73.3,93.3,,
26/7/2025,Building_C,96.9,35.2,92.5,6.6,57.2,33.0,73.3,93.3,,
27/7/2025,Building_C,96.9,35.2,92.5,6.6,57.2,33.0,73.3,93.3,,
28/7/2025,Building_C,105.7,57.2,101.3,13.2,57.2,33.0,64.9,88.5,,
29/7/2025,Building_C,105.7,57.2,101.3,13.2,57.2,33.0,64.9,88.5,,
30/7/2025,Building_C,105.7,57.2,101.3,13.2,57.2,33.0,64.9,88.5,,
31/7/2025,Building_C,105.7,57.2,101.3,13.2,57.2,33.0,64.9,88.5,,
1/8/2025,Building_C,105.7,57.2,101.3,13.2,57.2,33.0,64.9,88.5,,
2/8/2025,Building_C,105.7,57.2,101.3,13.2,57.2,33.0,64.9,88.5,,
3/8/2025,Building_C,105.7,57.2,101.3,13.2,57.2,33.0,64.9,88.5,,
4/8/2025,Building_C,105.7,57.2,101.3,13.2,57.2,33.0,64.9,88.5,,
5/8/2025,Building_C,105.7,57.2,101.3,13.2,57.2,33.0,64.9,88.5,,
6/8/2025,Building_C,105.7,57.2,101.3,13.2,57.2,33.0,64.9,88.5,,
7/8/2025,Building_C,105.7,57.2,101.3,13.2,57.2,33.0,64.9,88.5,,
8/8/2025,Building_C,105.7,57.2,101.3,13.2,57.2,33.0,64.9,88.5,,
9/8/2025,Building_C,105.7,57.2,101.3,13.2,57.2,33.0,64.9,88.5,,
10/8/2025,Building_C,105.7,57.2,101.3,13.2,57.2,33.0,64.9,88.5,,
11/8/2025,Building_C,105.7,57.2,101.3,13.2,57.2,33.0,64.9,88.5,,
12/8/2025,Building_C,105.7,57.2,101.3,13.2,57.2,33.0,64.9,88.5,,
13/8/2025,Building_C,105.7,57.2,101.3,13.2,57.2,33.0,64.9,88.5,,
14/8/2025,Building_C,105.7,57.2,101.3,13.2,57.2,33.0,64.9,88.5,,
15/8/2025,Building_C,105.7,57.2,101.3,13.2,57.2,33.0,64.9,88.5,,
16/8/2025,Building_C,105.7,57.2,101.3,13.2,57.2,33.0,64.9,88.5,,
17/8/2025,Building_C,105.7,57.2,101.3,13.2,57.2,33.0,64.9,88.5,,
18/8/2025,Building_C,105.7,57.2,101.3,13.2,57.2,33.0,64.9,88.5,,
19/8/2025,Building_C,105.7,57.2,101.3,13.2,57.2,33.0,64.9,88.5,,
20/8/2025,Building_C,105.7,57.2,101.3,13.2,57.2,33.0,64.9,88.5,,
21/8/2025,Building_C,105.7,57.2,101.3,13.2,57.2,33.0,64.9,88.5,,
22/8/2025,Building_C,105.7,57.2,101.3,13.2,57.2,33.0,64.9,88.5,,
23/8/2025,Building_C,105.7,57.2,101.3,13.2,57.2,33.0,64.9,88.5,,
24/8/2025,Building_C,105.7,57.2,101.3,13.2,57.2,33.0,64.9,88.5,,
25/8/2025,Building_C,105.7,57.2,101.3,13.2,57.2,33.0,64.9,88.5,,
26/8/2025,Building_C,105.7,57.2,101.3,13.2,57.2,33.0,64.9,88.5,,
27/8/2025,Building_C,105.7,57.2,101.3,13.2,57.2,33.0,64.9,88.5,,
28/8/2025,Building_C,105.7,57.2,101.3,13.2,57.2,33.0,64.9,88.5,,
29/8/2025,Building_C,105.7,57.2,101.3,13.2,57.2,33.0,64.9,88.5,,
30/8/2025,Building_C,105.7,57.2,101.3,13.2,57.2,33.0,64.9,88.5,,
31/8/2025,Building_C,105.7,57.2,101.3,13.2,57.2,33.0,64.9,88.5,,
1/9/2025,Building_C,101.3,48.4,101.3,13.2,57.2,33.0,67.6,88.5,,
2/9/2025,Building_C,101.3,48.4,101.3,13.2,57.2,33.0,67.6,88.5,,
3/9/2025,Building_C,101.3,48.4,101.3,13.2,57.2,33.0,67.6,88.5,,
4/9/2025,Building_C,96.9,39.6,101.3,13.2,57.2,33.0,71.0,88.5,,
5/9/2025,Building_C,96.9,39.6,101.3,13.2,57.2,33.0,71.0,88.5,,
6/9/2025,Building_C,96.9,39.6,101.3,13.2,57.2,33.0,71.0,88.5,,
7/9/2025,Building_C,92.5,35.2,101.3,13.2,57.2,33.0,72.4,88.5,,
8/9/2025,Building_C,105.7,57.2,101.3,13.2,57.2,33.0,64.9,88.5,,
9/9/2025,Building_C,105.7,57.2,101.3,13.2,57.2,33.0,64.9,88.5,,
10/9/2025,Building_C,105.7,57.2,101.3,13.2,57.2,33.0,64.9,88.5,,
11/9/2025,Building_C,105.7,57.2,101.3,13.2,57.2,33.0,64.9,88.5,,
12/9/2025,Building_C,105.7,57.2,101.3,13.2,57.2,33.0,64.9,88.5,,
13/9/2025,Building_C,105.7,57.2,101.3,13.2,57.2,33.0,64.9,88.5,,
14/9/2025,Building_C,105.7,57.2,101.3,13.2,57.2,33.0,64.9,88.5,,
15/9/2025,Building_C,101.3,48.4,101.3,13.2,57.2,33.0,67.6,88.5,,
16/9/2025,Building_C,96.9,39.6,101.3,13.2,57.2,33.0,71.0,88.5,,
17/9/2025,Building_C,96.9,39.6,101.3,13.2,57.2,33.0,71.0,88.5,,
18/9/2025,Building_C,96.9,39.6,101.3,13.2,57.2,33.0,71.0,88.5,,
19/9/2025,Building_C,92.5,35.2,101.3,13.2,57.2,33.0,72.4,88.5,,
20/9/2025,Building_C,105.7,57.2,101.3,13.2,57.2,33.0,64.9,88.5,,
21/9/2025,Building_C,105.7,57.2,101.3,13.2,57.2,33.0,64.9,88.5,,
22/9/2025,Building_C,105.7,57.2,101.3,13.2,57.2,33.0,64.9,88.5,,
23/9/2025,Building_C,105.7,57.2,101.3,13.2,57.2,33.0,64.9,88.5,,
24/9/2025,Building_C,105.7,57.2,101.3,13.2,57.2,33.0,64.9,88.5,,
25/9/2025,Building_C,105.7,57.2,101.3,13.2,57.2,33.0,64.9,88.5,,
26/9/2025,Building_C,105.7,57.2,101.3,13.2,57.2,33.0,64.9,88.5,,
27/9/2025,Building_C,105.7,57.2,101.3,13.2,57.2,33.0,64.9,88.5,,
28/9/2025,Building_C,105.7,57.2,101.3,13.2,57.2,33.0,64.9,88.5,,
29/9/2025,Building_C,105.7,57.2,101.3,13.2,57.2,33.0,64.9,88.5,,
30/9/2025,Building_C,105.7,57.2,101.3,13.2,57.2,33.0,64.9,88.5,,
1/10/2025,Building_C,105.7,57.2,101.3,13.2,57.2,33.0,64.9,88.5,,
2/10/2025,Building_C,105.7,57.2,101.3,13.2,57.2,33.0,64.9,88.5,,
3/10/2025,Building_C,105.7,57.2,101.3,13.2,57.2,33.0,64.9,88.5,,
4/10/2025,Building_C,105.7,57.2,101.3,13.2,57.2,33.0,64.9,88.5,,
5/10/2025,Building_C,105.7,57.2,101.3,13.2,57.2,33.0,64.9,88.5,,
6/10/2025,Building_C,105.7,57.2,101.3,13.2,57.2,33.0,64.9,88.5,,
7/10/2025,Building_C,105.7,57.2,101.3,13.2,57.2,33.0,64.9,88.5,,
8/10/2025,Building_C,105.7,57.2,101.3,13.2,57.2,33.0,64.9,88.5,,
9/10/2025,Building_C,105.7,57.2,101.3,13.2,57.2,33.0,64.9,88.5,,
10/10/2025,Building_C,105.7,57.2,101.3,13.2,57.2,33.0,64.9,88.5,,
11/10/2025,Building_C,105.7,57.2,101.3,13.2,57.2,33.0,64.9,88.5,,
12/10/2025,Building_C,105.7,57.2,101.3,13.2,57.2,33.0,64.9,88.5,,
13/10/2025,Building_C,105.7,57.2,101.3,13.2,57.2,33.0,64.9,88.5,,
14/10/2025,Building_C,105.7,57.2,101.3,13.2,57.2,33.0,64.9,88.5,,
15/10/2025,Building_C,105.7,57.2,101.3,13.2,57.2,33.0,64.9,88.5,,
16/10/2025,Building_C,105.7,57.2,101.3,13.2,57.2,33.0,64.9,88.5,,
17/10/2025,Building_C,105.7,57.2,101.3,13.2,57.2,33.0,64.9,88.5,,
18/10/2025,Building_C,105.7,57.2,101.3,13.2,57.2,33.0,64.9,88.5,,
19/10/2025,Building_C,105.7,57.2,101.3,13.2,57.2,33.0,64.9,88.5,,
20/10/2025,Building_C,105.7,57.2,101.3,13.2,57.2,33.0,64.9,88.5,,
21/10/2025,Building_C,105.7,57.2,101.3,13.2,57.2,33.0,64.9,88.5,,
22/10/2025,Building_C,105.7,57.2,101.3,13.2,57.2,33.0,64.9,88.5,,
23/10/2025,Building_C,105.7,57.2,101.3,13.2,57.2,33.0,64.9,88.5,,
24/10/2025,Building_C,105.7,57.2,101.3,13.2,57.2,33.0,64.9,88.5,,
25/10/2025,Building_C,105.7,57.2,101.3,13.2,57.2,33.0,64.9,88.5,,
26/10/2025,Building_C,105.7,57.2,101.3,13.2,57.2,33.0,64.9,88.5,,
27/10/2025,Building_C,105.7,57.2,101.3,13.2,57.2,33.0,64.9,88.5,,
28/10/2025,Building_C,105.7,57.2,101.3,13.2,57.2,33.0,64.9,88.5,,
29/10/2025,Building_C,105.7,57.2,101.3,13.2,57.2,33.0,64.9,88.5,,
30/10/2025,Building_C,105.7,57.2,101.3,13.2,57.2,33.0,64.9,88.5,,
31/10/2025,Building_C,105.7,57.2,101.3,13.2,57.2,33.0,64.9,88.5,,
1/11/2025,Building_C,105.7,57.2,101.3,13.2,57.2,33.0,64.9,88.5,,
2/11/2025,Building_C,105.7,57.2,101.3,13.2,57.2,33.0,64.9,88.5,,
3/11/2025,Building_C,105.7,57.2,101.3,13.2,57.2,33.0,64.9,88.5,,
4/11/2025,Building_C,105.7,57.2,101.3,13.2,57.2,33.0,64.9,88.5,,
5/11/2025,Building_C,105.7,57.2,101.3,13.2,57.2,33.0,64.9,88.5,,
6/11/2025,Building_C,105.7,57.2,101.3,13.2,57.2,33.0,64.9,88.5,,
7/11/2025,Building_C,105.7,57.2,101.3,13.2,57.2,33.0,64.9,88.5,,
8/11/2025,Building_C,105.7,57.2,101.3,13.2,57.2,33.0,64.9,88.5,,
9/11/2025,Building_C,105.7,57.2,101.3,13.2,57.2,33.0,64.9,88.5,,
10/11/2025,Building_C,105.7,57.2,101.3,13.2,57.2,33.0,64.9,88.5,,
11/11/2025,Building_C,105.7,57.2,101.3,13.2,57.2,33.0,64.9,88.5,,
12/11/2025,Building_C,105.7,57.2,101.3,13.2,57.2,33.0,64.9,88.5,,
13/11/2025,Building_C,105.7,57.2,101.3,13.2,57.2,33.0,64.9,88.5,,
14/11/2025,Building_C,105.7,57.2,101.3,13.2,57.2,33.0,64.9,88.5,,
15/11/2025,Building_C,105.7,57.2,101.3,13.2,57.2,33.0,64.9,88.5,,
16/11/2025,Building_C,105.7,57.2,101.3,13.2,57.2,33.0,64.9,88.5,,
17/11/2025,Building_C,105.7,57.2,101.3,13.2,57.2,33.0,64.9,88.5,,
18/11/2025,Building_C,105.7,57.2,101.3,13.2,57.2,33.0,64.9,88.5,,
19/11/2025,Building_C,105.7,57.2,101.3,13.2,57.2,33.0,64.9,88.5,,
20/11/2025,Building_C,105.7,57.2,101.3,13.2,57.2,33.0,64.9,88.5,,
21/11/2025,Building_C,105.7,57.2,101.3,13.2,57.2,33.0,64.9,88.5,,
22/11/2025,Building_C,105.7,57.2,101.3,13.2,57.2,33.0,64.9,88.5,,
23/11/2025,Building_C,105.7,57.2,101.3,13.2,57.2,33.0,64.9,88.5,,
24/11/2025,Building_C,105.7,57.2,101.3,13.2,57.2,33.0,64.9,88.5,,
25/11/2025,Building_C,105.7,57.2,101.3,13.2,57.2,33.0,64.9,88.5,,
26/11/2025,Building_C,105.7,57.2,101.3,13.2,57.2,33.0,64.9,88.5,,
27/11/2025,Building_C,105.7,57.2,101.3,13.2,57.2,33.0,64.9,88.5,,
28/11/2025,Building_C,105.7,57.2,101.3,13.2,57.2,33.0,64.9,88.5,,
29/11/2025,Building_C,105.7,57.2,101.3,13.2,57.2,33.0,64.9,88.5,,
30/11/2025,Building_C,0.0,0.0,0.0,13.2,57.2,0.0,100.0,0.0,,
1/12/2025,Building_C,105.7,57.2,101.3,13.2,57.2,33.0,64.9,88.5,,
2/12/2025,Building_C,105.7,57.2,101.3,13.2,57.2,33.0,64.9,88.5,,
3/12/2025,Building_C,105.7,57.2,101.3,13.2,57.2,33.0,64.9,88.5,,
4/12/2025,Building_C,105.7,57.2,101.3,13.2,57.2,33.0,64.9,88.5,,
5/12/2025,Building_C,105.7,57.2,101.3,13.2,57.2,33.0,64.9,88.5,,
6/12/2025,Building_C,105.7,57.2,101.3,13.2,57.2,33.0,64.9,88.5,,
7/12/2025,Building_C,105.7,57.2,101.3,13.2,57.2,33.0,64.9,88.5,,
8/12/2025,Building_C,105.7,57.2,101.3,13.2,57.2,33.0,64.9,88.5,,
9/12/2025,Building_C,105.7,57.2,101.3,13.2,57.2,33.0,64.9,88.5,,
10/12/2025,Building_C,105.7,57.2,101.3,13.2,57.2,33.0,64.9,88.5,,
11/12/2025,Building_C,105.7,57.2,101.3,13.2,57.2,33.0,64.9,88.5,,
12/12/2025,Building_C,105.7,57.2,101.3,13.2,57.2,33.0,64.9,88.5,,
13/12/2025,Building_C,105.7,57.2,101.3,13.2,57.2,33.0,64.9,88.5,,
14/12/2025,Building_C,105.7,57.2,101.3,13.2,57.2,33.0,64.9,88.5,,
15/12/2025,Building_C,105.7,57.2,101.3,13.2,57.2,33.0,64.9,88.5,,
16/12/2025,Building_C,105.7,57.2,101.3,13.2,57.2,33.0,64.9,88.5,,
17/12/2025,Building_C,105.7,57.2,101.3,13.2,57.2,33.0,64.9,88.5,,
18/12/2025,Building_C,105.7,57.2,101.3,13.2,57.2,33.0,64.9,88.5,,
19/12/2025,Building_C,105.7,57.2,101.3,13.2,57.2,33.0,64.9,88.5,,
20/12/2025,Building_C,105.7,57.2,101.3,13.2,57.2,33.0,64.9,88.5,,
21/12/2025,Building_C,105.7,57.2,101.3,13.2,57.2,33.0,64.9,88.5,,
22/12/2025,Building_C,105.7,57.2,101.3,13.2,57.2,33.0,64.9,88.5,,
23/12/2025,Building_C,105.7,57.2,101.3,13.2,57.2,33.0,64.9,88.5,,
24/12/2025,Building_C,105.7,57.2,101.3,13.2,57.2,33.0,64.9,88.5,,
25/12/2025,Building_C,105.7,52.8,101.3,13.2,57.2,30.8,64.9,88.5,,
26/12/2025,Building_C,105.7,52.8,101.3,9.7,57.2,30.8,66.7,91.3,,
27/12/2025,Building_C,105.7,52.8,101.3,9.7,57.2,30.8,66.7,91.3,,
28/12/2025,Building_C,105.7,52.8,101.3,9.7,57.2,30.8,66.7,91.3,,
29/12/2025,Building_C,105.7,52.8,101.3,9.7,57.2,30.8,66.7,91.3,,
30/12/2025,Building_C,0.0,0.0,0.0,9.7,57.2,0.0,0.0,0.0,,
31/12/2025,Building_C,0.0,0.0,0.0,0.0,0.0,0.0,0.0,0.0,,
1/1/2026,Building_C,105.7,57.2,101.3,13.2,57.2,33.0,64.9,88.5,,
2/1/2026,Building_C,105.7,57.2,101.3,13.2,57.2,33.0,64.9,88.5,,
3/1/2026,Building_C,105.7,57.2,101.3,13.2,57.2,33.0,64.9,88.5,,
4/1/2026,Building_C,105.7,57.2,101.3,13.2,57.2,33.0,64.9,88.5,,
5/1/2026,Building_C,105.7,57.2,101.3,13.2,57.2,33.0,64.9,88.5,,
6/1/2026,Building_C,105.7,57.2,101.3,13.2,57.2,33.0,64.9,88.5,,
7/1/2026,Building_C,105.7,57.2,101.3,13.2,57.2,33.0,64.9,88.5,,
8/1/2026,Building_C,105.7,57.2,101.3,13.2,57.2,33.0,64.9,88.5,,
9/1/2026,Building_C,105.7,57.2,101.3,13.2,57.2,33.0,64.9,88.5,,
10/1/2026,Building_C,105.7,57.2,101.3,13.2,57.2,33.0,64.9,88.5,,
11/1/2026,Building_C,105.7,57.2,101.3,13.2,57.2,33.0,64.9,88.5,,
12/1/2026,Building_C,105.7,57.2,101.3,13.2,57.2,33.0,64.9,88.5,,
13/1/2026,Building_C,105.7,57.2,101.3,13.2,57.2,33.0,64.9,88.5,,
14/1/2026,Building_C,105.7,57.2,101.3,13.2,57.2,33.0,64.9,88.5,,
15/1/2026,Building_C,105.7,57.2,101.3,13.2,57.2,33.0,64.9,88.5,,
16/1/2026,Building_C,105.7,57.2,101.3,13.2,57.2,33.0,64.9,88.5,,
17/1/2026,Building_C,105.7,57.2,101.3,13.2,57.2,33.0,64.9,88.5,,
18/1/2026,Building_C,105.7,57.2,101.3,13.2,57.2,33.0,64.9,88.5,,
19/1/2026,Building_C,105.7,57.2,101.3,13.2,57.2,33.0,64.9,88.5,,
20/1/2026,Building_C,105.7,57.2,101.3,13.2,57.2,33.0,64.9,88.5,,
21/1/2026,Building_C,105.7,57.2,101.3,13.2,57.2,33.0,64.9,88.5,,
22/1/2026,Building_C,105.7,57.2,101.3,13.2,57.2,33.0,64.9,88.5,,
23/1/2026,Building_C,105.7,57.2,101.3,13.2,57.2,33.0,64.9,88.5,,
24/1/2026,Building_C,105.7,57.2,101.3,13.2,57.2,33.0,64.9,88.5,,
25/1/2026,Building_C,105.7,57.2,101.3,13.2,57.2,33.0,64.9,88.5,,
26/1/2026,Building_C,105.7,57.2,101.3,13.2,57.2,33.0,64.9,88.5,,
27/1/2026,Building_C,105.7,57.2,101.3,13.2,57.2,33.0,64.9,88.5,,
28/1/2026,Building_C,105.7,57.2,101.3,13.2,57.2,33.0,64.9,88.5,,
29/1/2026,Building_C,105.7,57.2,101.3,13.2,57.2,33.0,64.9,88.5,,
30/1/2026,Building_C,105.7,57.2,101.3,13.2,57.2,33.0,64.9,88.5,,
31/1/2026,Building_C,105.7,57.2,101.3,13.2,57.2,33.0,64.9,88.5,,
1/2/2026,Building_C,105.7,57.2,101.3,13.2,57.2,33.0,64.9,88.5,,
2/2/2026,Building_C,105.7,57.2,101.3,13.2,57.2,33.0,64.9,88.5,,
3/2/2026,Building_C,105.7,57.2,101.3,13.2,57.2,33.0,64.9,88.5,,
4/2/2026,Building_C,105.7,57.2,101.3,13.2,57.2,33.0,64.9,88.5,,
5/2/2026,Building_C,105.7,57.2,101.3,13.2,57.2,33.0,64.9,88.5,,
6/2/2026,Building_C,105.7,57.2,101.3,13.2,57.2,33.0,64.9,88.5,,
7/2/2026,Building_C,105.7,57.2,101.3,13.2,57.2,33.0,64.9,88.5,,
8/2/2026,Building_C,105.7,57.2,101.3,13.2,57.2,33.0,64.9,88.5,,
9/2/2026,Building_C,105.7,57.2,101.3,13.2,57.2,33.0,64.9,88.5,,
10/2/2026,Building_C,105.7,57.2,101.3,13.2,57.2,33.0,64.9,88.5,,
11/2/2026,Building_C,105.7,57.2,101.3,13.2,57.2,33.0,64.9,88.5,,
12/2/2026,Building_C,105.7,57.2,101.3,13.2,57.2,33.0,64.9,88.5,,
13/2/2026,Building_C,105.7,57.2,101.3,13.2,57.2,33.0,64.9,88.5,,
14/2/2026,Building_C,105.7,57.2,101.3,13.2,57.2,33.0,64.9,88.5,,
15/2/2026,Building_C,105.7,57.2,101.3,13.2,57.2,33.0,64.9,88.5,,
16/2/2026,Building_C,105.7,57.2,101.3,13.2,57.2,33.0,64.9,88.5,,
17/2/2026,Building_C,105.7,57.2,101.3,13.2,57.2,33.0,64.9,88.5,,
18/2/2026,Building_C,105.7,57.2,101.3,13.2,57.2,33.0,64.9,88.5,,
19/2/2026,Building_C,105.7,57.2,101.3,13.2,57.2,33.0,64.9,88.5,,
20/2/2026,Building_C,105.7,57.2,101.3,13.2,57.2,33.0,64.9,88.5,,
21/2/2026,Building_C,105.7,57.2,101.3,13.2,57.2,33.0,64.9,88.5,,
22/2/2026,Building_C,105.7,57.2,101.3,13.2,57.2,33.0,64.9,88.5,,
23/2/2026,Building_C,105.7,57.2,101.3,13.2,57.2,33.0,64.9,88.5,,
24/2/2026,Building_C,105.7,57.2,101.3,13.2,57.2,33.0,64.9,88.5,,
25/2/2026,Building_C,105.7,57.2,101.3,13.2,57.2,33.0,64.9,88.5,,
26/2/2026,Building_C,105.7,57.2,101.3,13.2,57.2,33.0,64.9,88.5,,
27/2/2026,Building_C,105.7,57.2,101.3,13.2,57.2,33.0,64.9,88.5,,
28/2/2026,Building_C,0.0,0.0,0.0,13.2,57.2,0.0,100.0,0.0,,
1/3/2026,Building_C,105.7,57.2,101.3,13.2,57.2,33.0,64.9,88.5,,
2/3/2026,Building_C,105.7,57.2,101.3,13.2,57.2,33.0,64.9,88.5,,
3/3/2026,Building_C,105.7,57.2,101.3,13.2,57.2,33.0,64.9,88.5,,
4/3/2026,Building_C,105.7,57.2,101.3,13.2,57.2,33.0,64.9,88.5,,
5/3/2026,Building_C,105.7,57.2,101.3,13.2,57.2,33.0,64.9,88.5,,
6/3/2026,Building_C,105.7,57.2,101.3,13.2,57.2,33.0,64.9,88.5,,
7/3/2026,Building_C,105.7,57.2,101.3,13.2,57.2,33.0,64.9,88.5,,
8/3/2026,Building_C,105.7,57.2,101.3,13.2,57.2,33.0,64.9,88.5,,
9/3/2026,Building_C,105.7,57.2,101.3,13.2,57.2,33.0,64.9,88.5,,
10/3/2026,Building_C,105.7,57.2,101.3,13.2,57.2,33.0,64.9,88.5,,
11/3/2026,Building_C,105.7,57.2,101.3,13.2,57.2,33.0,64.9,88.5,,
12/3/2026,Building_C,105.7,57.2,101.3,13.2,57.2,33.0,64.9,88.5,,
13/3/2026,Building_C,105.7,57.2,101.3,13.2,57.2,33.0,64.9,88.5,,
14/3/2026,Building_C,105.7,57.2,101.3,13.2,57.2,33.0,64.9,88.5,,
15/3/2026,Building_C,105.7,57.2,101.3,13.2,57.2,33.0,64.9,88.5,,
16/3/2026,Building_C,105.7,57.2,101.3,13.2,57.2,33.0,64.9,88.5,,
17/3/2026,Building_C,105.7,57.2,101.3,13.2,57.2,33.0,64.9,88.5,,
18/3/2026,Building_C,105.7,57.2,101.3,13.2,57.2,33.0,64.9,88.5,,
19/3/2026,Building_C,105.7,57.2,101.3,13.2,57.2,33.0,64.9,88.5,,
20/3/2026,Building_C,105.7,57.2,101.3,13.2,57.2,33.0,64.9,88.5,,
21/3/2026,Building_C,105.7,57.2,101.3,13.2,57.2,33.0,64.9,88.5,,
22/3/2026,Building_C,105.7,57.2,101.3,13.2,57.2,33.0,64.9,88.5,,
23/3/2026,Building_C,105.7,57.2,101.3,13.2,57.2,33.0,64.9,88.5,,
24/3/2026,Building_C,105.7,57.2,101.3,13.2,57.2,33.0,64.9,88.5,,
25/3/2026,Building_C,105.7,57.2,101.3,13.2,57.2,33.0,64.9,88.5,,
26/3/2026,Building_C,105.7,57.2,101.3,13.2,57.2,33.0,64.9,88.5,,
27/3/2026,Building_C,105.7,57.2,101.3,13.2,57.2,33.0,64.9,88.5,,
28/3/2026,Building_C,105.7,57.2,101.3,13.2,57.2,33.0,64.9,88.5,,
29/3/2026,Building_C,105.7,57.2,101.3,13.2,57.2,33.0,64.9,88.5,,
30/3/2026,Building_C,105.7,57.2,101.3,13.2,57.2,33.0,64.9,88.5,,
31/3/2026,Building_C,105.7,57.2,101.3,13.2,57.2,33.0,64.9,88.5,,
1/4/2026,Building_C,105.7,57.2,101.3,13.2,57.2,33.0,64.9,88.5,,
2/4/2026,Building_C,105.7,57.2,101.3,13.2,57.2,33.0,64.9,88.5,,
3/4/2026,Building_C,105.7,57.2,101.3,13.2,57.2,33.0,64.9,88.5,,
4/4/2026,Building_C,105.7,57.2,101.3,13.2,57.2,33.0,64.9,88.5,,
5/4/2026,Building_C,105.7,57.2,101.3,13.2,57.2,33.0,64.9,88.5,,
6/4/2026,Building_C,105.7,57.2,101.3,13.2,57.2,33.0,64.9,88.5,,
7/4/2026,Building_C,105.7,57.2,101.3,13.2,57.2,33.0,64.9,88.5,,
8/4/2026,Building_C,105.7,57.2,101.3,13.2,57.2,33.0,64.9,88.5,,
9/4/2026,Building_C,105.7,57.2,101.3,13.2,57.2,33.0,64.9,88.5,,
10/4/2026,Building_C,105.7,57.2,101.3,13.2,57.2,33.0,64.9,88.5,,
11/4/2026,Building_C,105.7,57.2,101.3,13.2,57.2,33.0,64.9,88.5,,
12/4/2026,Building_C,105.7,57.2,101.3,13.2,57.2,33.0,64.9,88.5,,
13/4/2026,Building_C,105.7,57.2,101.3,13.2,57.2,33.0,64.9,88.5,,
14/4/2026,Building_C,105.7,57.2,101.3,13.2,57.2,33.0,64.9,88.5,,
15/4/2026,Building_C,105.7,57.2,101.3,13.2,57.2,33.0,64.9,88.5,,
16/4/2026,Building_C,105.7,57.2,101.3,13.2,57.2,33.0,64.9,88.5,,
17/4/2026,Building_C,105.7,57.2,101.3,13.2,57.2,33.0,64.9,88.5,,
18/4/2026,Building_C,105.7,57.2,101.3,13.2,57.2,33.0,64.9,88.5,,
19/4/2026,Building_C,105.7,57.2,101.3,13.2,57.2,33.0,64.9,88.5,,
20/4/2026,Building_C,105.7,57.2,101.3,13.2,57.2,33.0,64.9,88.5,,
21/4/2026,Building_C,105.7,57.2,101.3,13.2,57.2,33.0,64.9,88.5,,
22/4/2026,Building_C,105.7,57.2,101.3,13.2,57.2,33.0,64.9,88.5,,
23/4/2026,Building_C,105.7,57.2,101.3,13.2,57.2,33.0,64.9,88.5,,
24/4/2026,Building_C,105.7,57.2,101.3,13.2,57.2,33.0,64.9,88.5,,
25/4/2026,Building_C,105.7,57.2,101.3,13.2,57.2,33.0,64.9,88.5,,
26/4/2026,Building_C,105.7,57.2,101.3,13.2,57.2,33.0,64.9,88.5,,
27/4/2026,Building_C,105.7,57.2,101.3,13.2,57.2,33.0,64.9,88.5,,
28/4/2026,Building_C,105.7,57.2,101.3,13.2,57.2,33.0,64.9,88.5,,
29/4/2026,Building_C,105.7,57.2,101.3,13.2,57.2,33.0,64.9,88.5,,
30/4/2026,Building_C,105.7,57.2,101.3,13.2,57.2,33.0,64.9,88.5,,
1/5/2026,Building_C,105.7,57.2,101.3,13.2,57.2,33.0,64.9,88.5,,
2/5/2026,Building_C,105.7,57.2,101.3,13.2,57.2,33.0,64.9,88.5,,
3/5/2026,Building_C,105.7,57.2,101.3,13.2,57.2,33.0,64.9,88.5,,
4/5/2026,Building_C,105.7,57.2,101.3,13.2,57.2,33.0,64.9,88.5,,
5/5/2026,Building_C,105.7,57.2,101.3,13.2,57.2,33.0,64.9,88.5,,
6/5/2026,Building_C,105.7,57.2,101.3,13.2,57.2,33.0,64.9,88.5,,
7/5/2026,Building_C,105.7,57.2,101.3,13.2,57.2,33.0,64.9,88.5,,
8/5/2026,Building_C,105.7,57.2,101.3,13.2,57.2,33.0,64.9,88.5,,
9/5/2026,Building_C,105.7,57.2,101.3,13.2,57.2,33.0,64.9,88.5,,
10/5/2026,Building_C,105.7,57.2,101.3,13.2,57.2,33.0,64.9,88.5,,
11/5/2026,Building_C,105.7,57.2,101.3,13.2,57.2,33.0,64.9,88.5,,
12/5/2026,Building_C,105.7,57.2,101.3,13.2,57.2,33.0,64.9,88.5,,
13/5/2026,Building_C,105.7,57.2,101.3,13.2,57.2,33.0,64.9,88.5,,
14/5/2026,Building_C,105.7,57.2,101.3,13.2,57.2,33.0,64.9,88.5,,
15/5/2026,Building_C,105.7,57.2,101.3,13.2,57.2,33.0,64.9,88.5,,
16/5/2026,Building_C,105.7,57.2,101.3,13.2,57.2,33.0,64.9,88.5,,
17/5/2026,Building_C,105.7,57.2,101.3,13.2,57.2,33.0,64.9,88.5,,
18/5/2026,Building_C,105.7,57.2,101.3,13.2,57.2,33.0,64.9,88.5,,
19/5/2026,Building_C,105.7,57.2,101.3,13.2,57.2,33.0,64.9,88.5,,
20/5/2026,Building_C,105.7,57.2,101.3,13.2,57.2,33.0,64.9,88.5,,
21/5/2026,Building_C,105.7,57.2,101.3,13.2,57.2,33.0,64.9,88.5,,
22/5/2026,Building_C,105.7,57.2,101.3,13.2,57.2,33.0,64.9,88.5,,
23/5/2026,Building_C,105.7,57.2,101.3,13.2,57.2,33.0,64.9,88.5,,
24/5/2026,Building_C,105.7,57.2,101.3,13.2,57.2,33.0,64.9,88.5,,
25/5/2026,Building_C,105.7,57.2,101.3,13.2,57.2,33.0,64.9,88.5,,
26/5/2026,Building_C,105.7,57.2,101.3,13.2,57.2,33.0,64.9,88.5,,
27/5/2026,Building_C,105.7,57.2,101.3,13.2,57.2,33.0,64.9,88.5,,
28/5/2026,Building_C,105.7,57.2,101.3,13.2,57.2,33.0,64.9,88.5,,
29/5/2026,Building_C,105.7,57.2,101.3,13.2,57.2,33.0,64.9,88.5,,
30/5/2026,Building_C,105.7,57.2,101.3,13.2,57.2,33.0,64.9,88.5,,
31/5/2026,Building_C,0.0,0.0,0.0,13.2,57.2,0.0,100.0,0.0,,
1/6/2026,Building_C,105.7,57.2,101.3,13.2,57.2,33.0,64.9,88.5,,
2/6/2026,Building_C,105.7,57.2,101.3,13.2,57.2,33.0,64.9,88.5,,
3/6/2026,Building_C,105.7,57.2,101.3,13.2,57.2,33.0,64.9,88.5,,
4/6/2026,Building_C,105.7,57.2,101.3,13.2,57.2,33.0,64.9,88.5,,
5/6/2026,Building_C,105.7,57.2,101.3,13.2,57.2,33.0,64.9,88.5,,
6/6/2026,Building_C,105.7,57.2,101.3,13.2,57.2,33.0,64.9,88.5,,
7/6/2026,Building_C,105.7,57.2,101.3,13.2,57.2,33.0,64.9,88.5,,
8/6/2026,Building_C,105.7,57.2,101.3,13.2,57.2,33.0,64.9,88.5,,
9/6/2026,Building_C,105.7,57.2,101.3,13.2,57.2,33.0,64.9,88.5,,
10/6/2026,Building_C,105.7,57.2,101.3,13.2,57.2,33.0,64.9,88.5,,
11/6/2026,Building_C,105.7,57.2,101.3,13.2,57.2,33.0,64.9,88.5,,
12/6/2026,Building_C,105.7,57.2,101.3,13.2,57.2,33.0,64.9,88.5,,
13/6/2026,Building_C,105.7,57.2,101.3,13.2,57.2,33.0,64.9,88.5,,
14/6/2026,Building_C,105.7,57.2,101.3,13.2,57.2,33.0,64.9,88.5,,
15/6/2026,Building_C,105.7,57.2,101.3,13.2,57.2,33.0,64.9,88.5,,
16/6/2026,Building_C,105.7,57.2,101.3,13.2,57.2,33.0,64.9,88.5,,
17/6/2026,Building_C,0.0,0.0,0.0,13.2,57.2,33.0,64.9,88.5,,