Date,Raw water Meter A,Raw water Meter B,Raw water Meter C,Raw water Meter D,Raw water Meter E,Meter Supply ADE ,Meter Supply BC,R/O water Meter C,R/O water Meter E,Drinking water Meter, Softener Meter Building C, Softener Meter Building D,Mix Coolant Meter C,Mix Coolant Meter DE
1/1/2023,0,0,0,0,0,0,0,0,0,0,0,0,0,0
2/1/2023,0,0,0,0,0,0,0,0,0,0,121,0,0,0
3/1/2023,436,335,201,102,2018,1020,838,66,269,1,131,63,0,0
4/1/2023,221,166,217,77,437,324,270,7,721,9,135,135,9,0
5/1/2023,217,164,183,123,363,315,245,0,668,9,139,42,24,0
6/1/2023,231,172,193,119,364,342,264,12,676,8,57,63,18,0
7/1/2023,215,154,79,101,384,318,254,0,643,7,132,19,0,0
8/1/2023,43,25,193,5,494,243,231,8,168,3,126,44,31,0
9/1/2023,273,205,170,192,374,346,252,57,748,10,125,39,17,0
10/1/2023,234,171,208,121,376,332,256,9,757,19,132,67,0,0
11/1/2023,229,165,208,105,399,328,250,7,706,10,127,20,2,0
12/1/2023,224,163,210,95,405,320,232,9,691,10,119,45,37,0
13/1/2023,216,156,222,73,429,330,237,0,712,9,112,44,17,0
14/1/2023,182,132,205,60,454,557,259,28,685,10,112,44,18,0
15/1/2023,40,201,36,4,525,28,186,8,97,6,105,45,8,0
16/1/2023,377,101,320,0,585,523,337,9,1058,9,114,44,16,0
17/1/2023,121,97,77,272,205,142,107,9,318,8,111,44,17,0
18/1/2023,309,242,158,213,380,499,232,9,711,10,103,43,16,0
19/1/2023,289,227,148,209,378,378,220,44,699,8,108,43,14,0
20/1/2023,257,190,139,143,451,317,229,9,679,12,108,40,16,0
21/1/2023,248,181,140,139,347,302,225,17,675,3,109,43,18,0
22/1/2023,49,33,2,12,492,236,200,17,181,5,101,41,15,0
23/1/2023,263,198,145,169,394,322,225,11,720,14,106,44,9,0
24/1/2023,269,197,138,171,388,339,235,9,753,9,107,44,21,0
25/1/2023,269,195,152,164,671,333,218,9,690,11,102,37,15,0
26/1/2023,261,190,140,152,136,331,227,9,678,9,101,43,14,0
27/1/2023,252,182,134,157,375,315,223,9,675,9,102,45,17,0
28/1/2023,248,179,148,139,428,316,259,8,670,3,129,61,15,0
29/1/2023,111,73,44,39,473,253,219,9,328,8,29,39,15,0
30/1/2023,413,302,208,277,556,506,238,72,956,5,199,40,14,0
31/1/2023,129,92,75,73,210,153,231,19,333,10,115,43,32,0
1/2/2023,273,197,144,176,393,353,260,729,0,13,44,21,13,0
2/2/2023,262,192,140,168,393,319,245,671,7,10,177,67,16,0
3/2/2023,259,301,220,172,379,331,253,704,9,11,114,19,14,0
4/2/2023,274,89,88,207,415,344,271,677,9,17,140,98,13,0
5/2/2023,217,154,143,77,461,294,250,596,17,5,202,27,12,0
6/2/2023,291,219,154,222,425,374,270,692,58,8,64,62,9,0
7/2/2023,294,218,161,224,358,354,255,665,49,11,136,63,25,0
8/2/2023,289,213,163,206,412,342,272,705,59,15,120,63,15,0
9/2/2023,249,183,137,185,360,308,244,619,33,8,152,63,15,0
10/2/2023,265,194,139,250,406,334,257,667,60,3,142,71,6,0
11/2/2023,96,58,57,405,450,304,283,516,95,12,130,61,27,0
12/2/2023,251,189,140,195,386,331,241,585,124,15,135,62,11,0
13/2/2023,310,240,149,338,397,327,236,636,251,0,135,66,19,0
14/2/2023,341,266,157,365,391,355,255,708,307,13,120,66,10,0
15/2/2023,352,276,173,336,404,334,253,703,331,18,147,52,13,0
16/2/2023,378,310,155,448,383,377,246,727,425,11,133,69,16,1
17/2/2023,350,279,145,420,375,342,249,708,211,0,141,54,16,1
18/2/2023,276,206,146,224,422,502,251,681,117,0,62,57,14,1
19/2/2023,209,148,126,346,469,312,240,702,115,0,193,62,15,1
20/2/2023,343,263,159,361,406,565,238,751,255,12,127,61,21,0
21/2/2023,268,204,119,313,349,452,210,662,164,8,50,58,11,0
22/2/2023,327,251,143,401,378,226,162,698,235,10,42,64,16,0
23/2/2023,342,325,229,479,389,441,164,710,147,20,43,62,0,0
24/2/2023,352,302,278,527,386,474,103,710,977,26,42,64,21,0
25/2/2023,402,238,263,288,415,389,221,682,587,15,88,83,27,0
26/2/2023,293,1,369,448,232,335,196,356,536,7,43,31,13,1
27/2/2023,394,114,114,470,442,340,163,652,554,13,43,55,3,0
28/2/2023,345,351,218,479,432,386,234,955,583,12,121,61,18,0
1/3/2023,413,45,0,478,445,376,246,675,592,14,120,62,14,0
2/3/2023,351,610,87,424,379,351,220,579,560,11,140,62,14,1
3/3/2023,406,303,238,459,413,340,275,634,587,20,105,70,17,0
4/3/2023,312,253,376,437,396,274,246,634,565,7,156,67,16,0
5/3/2023,85,63,340,107,330,192,241,254,244,7,145,67,15,1
6/3/2023,347,234,410,459,451,287,268,760,589,4,139,74,13,0
7/3/2023,342,318,325,405,343,276,246,652,497,12,138,65,13,0
8/3/2023,361,360,322,425,376,327,270,720,519,11,153,69,13,0
9/3/2023,363,330,365,453,354,314,256,705,552,10,136,71,12,1
10/3/2023,352,326,342,454,345,292,252,706,567,3,124,74,14,0
11/3/2023,311,228,431,505,436,299,253,705,554,3,125,69,14,0
12/3/2023,336,227,241,308,205,308,234,458,350,2,125,68,11,1
13/3/2023,373,335,331,455,392,394,243,677,588,0,119,61,18,1
14/3/2023,386,371,319,465,415,439,250,689,560,4,129,64,19,1
15/3/2023,386,383,316,471,419,448,250,679,532,9,135,68,9,0
16/3/2023,363,344,316,459,379,435,243,676,479,12,115,63,9,0
17/3/2023,382,329,351,467,391,425,260,698,543,1,133,75,11,1
18/3/2023,418,121,390,481,437,369,251,669,515,5,132,76,10,0
19/3/2023,72,3,447,497,35,347,246,231,125,5,133,72,13,0
20/3/2023,382,352,218,396,397,326,251,701,524,9,128,72,10,0
21/3/2023,407,354,108,468,428,328,253,702,547,11,130,70,12,1
22/3/2023,428,396,94,498,452,363,253,673,513,13,130,80,4,0
23/3/2023,418,414,142,496,452,362,252,701,543,10,128,69,11,6
24/3/2023,430,433,4,504,469,325,255,692,534,13,132,71,10,0
25/3/2023,424,426,3,496,463,316,250,688,540,13,128,68,9,0
26/3/2023,349,258,4,100,560,389,245,430,136,8,136,70,14,0
27/3/2023,421,356,176,427,432,337,249,664,548,12,129,69,14,1
28/3/2023,466,336,6,576,443,391,256,616,541,9,134,70,8,0
29/3/2023,457,357,7,574,480,436,251,608,554,10,132,69,10,0
30/3/2023,221,147,4,594,180,258,251,307,276,3,137,78,8,0
31/3/2023,247,168,3,542,223,238,241,416,311,0,126,0,8,0
1/4/2023,390,347,261,455,412,403,238,679,522,0,117,72,15,1
2/4/2023,402,233,9,2,252,303,232,233,137,1,122,70,10,0
3/4/2023,404,316,214,417,431,367,239,698,461,13,120,68,10,0
4/4/2023,410,369,217,495,438,368,242,723,527,4,118,69,10,1
5/4/2023,401,366,216,501,431,402,248,719,553,0,122,69,14,0
6/4/2023,407,378,201,372,433,359,245,726,523,6,117,70,8,1
7/4/2023,416,407,163,498,444,398,242,707,512,8,125,70,8,0
8/4/2023,457,330,183,533,390,325,246,700,520,11,123,74,13,0
9/4/2023,344,132,4,111,123,269,222,176,63,1,120,71,10,0
10/4/2023,404,357,251,304,425,334,242,703,512,13,119,73,9,0
11/4/2023,401,361,280,310,419,330,194,678,504,2,77,72,10,0
12/4/2023,-134,625,86,364,615,186,380,703,427,5,121,71,0,0
13/4/2023,298,0,0,0,0,280,0,0,0,0,0,0,0,0
14/4/2023,376,0,0,0,0,330,0,0,0,0,10,78,0,0
15/4/2023,405,0,0,0,0,323,0,0,0,0,12,49,0,0
16/4/2023,420,209,6,1,255,244,92,461,17,0,15,58,14,1
17/4/2023,443,318,5,1,434,320,130,747,0,7,48,67,17,0
18/4/2023,404,346,5,1,429,252,135,726,46,8,56,72,9,0
19/4/2023,406,318,51,2,415,257,168,727,7,11,55,71,5,0
20/4/2023,351,279,155,123,306,292,181,719,13,10,57,70,13,0
21/4/2023,362,305,113,187,324,294,180,724,80,10,57,72,7,1
22/4/2023,389,292,169,1,340,255,175,720,9,10,55,69,7,0
23/4/2023,227,126,91,2,99,243,151,122,20,9,48,68,7,0
24/4/2023,352,281,99,146,331,260,182,732,17,11,62,68,6,0
25/4/2023,391,300,156,1,382,295,187,702,11,11,58,68,10,0
26/4/2023,391,321,152,2,412,354,179,733,13,12,55,63,5,0
27/4/2023,386,319,128,1,404,300,176,732,16,10,54,67,7,0
28/4/2023,384,304,127,1,392,267,176,730,8,10,55,64,10,1
29/4/2023,388,249,120,2,368,241,171,679,0,8,53,61,9,0
30/4/2023,228,104,60,1,0,0,0,0,0,0,0,0,0,0
1/5/2023,207,109,37,0,202,416,272,238,28,5,79,132,6,0
2/5/2023,409,318,63,1,383,261,174,706,0,10,57,76,9,0
3/5/2023,401,321,63,2,383,259,179,732,0,10,57,80,7,0
4/5/2023,386,321,63,1,381,253,177,704,23,8,58,77,7,0
5/5/2023,402,338,63,1,401,248,198,693,0,10,74,97,11,0
6/5/2023,334,295,191,1,327,245,197,672,22,14,65,103,11,0
7/5/2023,250,135,15,0,111,190,160,123,0,6,56,90,12,0
8/5/2023,414,385,62,2,428,271,196,745,44,10,60,96,5,0
9/5/2023,397,322,50,1,380,314,198,631,12,10,57,97,10,0
10/5/2023,386,317,61,102,404,284,191,750,11,13,56,90,10,0
11/5/2023,392,310,48,1,365,328,194,594,0,13,57,75,11,0
12/5/2023,414,335,37,1,413,208,198,747,0,12,58,74,11,0
13/5/2023,386.4,312.5,35.8,1.4,366.1,214.4,198,721.3,0,12.6,56.1,66,12,0
14/5/2023,271.6,150.5,28.2,0.6,147.9,178.6,162,199.7,0,3.4,50.9,66,3,0
15/5/2023,395,322,31,1,408,224,192,736,0,12,55,63,8,0
16/5/2023,383,334,28,1,409,220,184,720,13,9,54,65,13,0
17/5/2023,405,380,31,1,434,379,189,748,0,11,56,65,5,0
18/5/2023,420,411,26,2,448,413,187,726,0,11,57,63,7,0
19/5/2023,398,396,30,11,430,414,194,703,0,11,62,65,8,0
20/5/2023,321,379,142,220,425,416,195,682,0,10,59,65,7,0
21/5/2023,81,233,4,0,380,416,165,104,0,7,52,62,8,0
22/5/2023,295,369,67,134,414,416,175,692,0,9,56,62,10,0
23/5/2023,328,353,66,268,410,410,173,719,0,12,55,59,9,0
24/5/2023,34,318,39,381,400,365,168,685,0,11,54,16,6,0
25/5/2023,2,328,4,505,416,359,176,691,0,11,56,0,9,0
26/5/2023,10,361,4,491,424,385,180,717,0,10,56,0,8,0
27/5/2023,22,360,105,192,427,316,173,680,0,14,56,0,8,0
28/5/2023,47,390,48,1,491,301,147,513,0,6,48,0,7,0
29/5/2023,84,407,130,145,474,350,172,726,0,11,52,0,0,0
30/5/2023,86,360,100,320,415,347,171,744,0,13,52,0,0,0
31/5/2023,371,271,218,229,328,342,174,777,39,11,54,0,30,0
1/6/2023,341,290,146,148,343,327,169,742,0,12,53,0,7,0
2/6/2023,359,302,109,140,370,323,176,753,0,13,53,0,7,0
3/6/2023,460,12,1,0,22,292,140,22,0,0,36,0,1,0
4/6/2023,38,183,1,1,353,305,142,205,0,7,41,0,8,0
5/6/2023,187,326,349,1,421,329,172,731,0,11,52,0,7,0
6/6/2023,43,353,373,0,427,325,167,729,0,10,50,0,12,0
7/6/2023,102,305,198,161,456,324,171,724,0,8,47,0,6,0
8/6/2023,2,387,134,476,276,324,174,695,0,12,51,0,7,0
9/6/2023,1,279,370,1,416,166,173,679,0,13,51,0,12,0
10/6/2023,2,242,369,0,407,136,181,691,0,12,50,0,1,0
11/6/2023,1,28,452,1,101,120,154,262,0,6,40,0,7,0
12/6/2023,2,247,375,1,424,180,172,682,57,15,47,0,8,0
13/6/2023,46,316,367,0,451,242,170,752,0,12,44,0,4,0
14/6/2023,1,304,375,1,404,162,166,741,0,8,46,0,1,0
15/6/2023,2,288,367,1,430,170,165,737,0,12,47,0,12,0
16/6/2023,1,287,367,1,430,141,178,745,0,14,61,0,7,0
17/6/2023,28,173,330,1,469,127,166,743,0,15,54,0,8,0
18/6/2023,3,131,233,1,220,200,156,190,0,3,47,0,10,0
19/6/2023,178,154,203,12,478,156,174,755,0,6,56,0,7,0
20/6/2023,242,258,194,1,473,185,173,738,0,10,55,0,7,0
21/6/2023,200,182,201,60,423,210,172,688,0,8,53,0,9,0
22/6/2023,250,110,208,1,431,151,170,711,0,9,54,0,9,0
23/6/2023,285,170,208,1,406,162,185,685,0,9,65,0,8,0
24/6/2023,111,49,238,75,533,141,197,648,0,7,73,0,9,0
25/6/2023,3,3,186,1,323,194,167,83,0,6,58,0,4,0
26/6/2023,35,15,250,259,516,163,198,721,7,8,69,0,8,0
27/6/2023,367,71,276,1,409,146,189,728,0,11,64,0,9,0
28/6/2023,161,0,231,148,432,142,186,721,0,9,61,0,9,0
29/6/2023,241,0,237,180,385,131,188,704,0,8,68,0,8,0
30/6/2023,198,0,272,120,440,131,197,704,0,11,71,0,6,0
1/7/2023,197,0,300,119,446,121,184,691,0,8,66,0,11,0
2/7/2023,2,0,336,1,70,88,156,85,0,3,60,0,4,0
3/7/2023,160,0,296,0,467,114,186,703,0,9,70,0,7,0
4/7/2023,248,0,321,108,405,113,187,696,0,11,68,0,8,0
5/7/2023,155,0,306,96,452,114,183,716,0,10,65,0,7,0
6/7/2023,372,0,314,1,345,104,190,684,0,8,71,0,11,0
7/7/2023,446,0,294,1,246,108,183,694,0,11,62,0,6,0
8/7/2023,73,0,304,1,496,99,160,647,0,9,48,0,11,0
9/7/2023,1,0,333,0,338,92,133,369,0,5,37,0,4,0
10/7/2023,289,0,276,0,476,109,169,678,0,9,44,0,5,0
11/7/2023,281,0,242,1,334,108,162,653,0,7,41,0,6,0
12/7/2023,102,0,293,0,469,110,171,635,0,7,48,0,6,0
13/7/2023,369,0,287,1,419,106,173,673,0,8,47,0,5,0
14/7/2023,212,0,231,176,321,109,185,669,0,9,58,0,7,0
15/7/2023,235,0,287,0,457,141,172,657,0,8,49,0,9,0
16/7/2023,2,0,9,1,361,159,138,131,0,3,43,0,5,0
17/7/2023,421,0,219,0,482,103,177,746,0,7,61,0,3,0
18/7/2023,264,0,292,1,339,104,161,733,0,6,45,0,6,0
19/7/2023,275,0,281,1,450,104,158,707,0,7,42,0,5,0
20/7/2023,308,0,264,1,450,114,159,731,0,7,41,0,6,0
21/7/2023,384,0,214,1,448,110,167,716,0,8,49,0,4,0
22/7/2023,343,0,127,1,452,97,161,673,0,4,43,0,7,0
23/7/2023,60,0,182,0,176,85,130,158,0,2,34,0,2,0
24/7/2023,397,0,51,1,490,137,165,690,0,6,45,0,3,0
25/7/2023,352,0,171,1,458,95,166,719,0,6,46,0,4,0
26/7/2023,291,0,285,1,435,89,163,713,0,8,43,0,4,0
27/7/2023,50,0,394,1,494,82,172,639,0,9,51,0,3,0
28/7/2023,1,0,16,0,208,45,150,0,0,2,52,0,0,0
29/7/2023,1,0,95,0,187,103,154,8,0,0,42,0,0,0
30/7/2023,2,0,267,1,290,150,170,238,0,3,58,0,1,0
31/7/2023,55,0,352,1,496,73,169,667,0,5,53,0,2,0
1/8/2023,83,0,361,0,486,72,170,683,0,6,52,0,4,0
2/8/2023,151,0,352,1,476,74,171,708,0,7,52,0,2,0
3/8/2023,157,0,333,1,450,74,174,671,0,7,52,0,1,0
4/8/2023,239,0,340,2,377,75,186,626,0,6,65,0,4,0
5/8/2023,3,0,343,1,467,68,172,593,0,8,54,0,3,0
6/8/2023,4,0,206,1,105,64,147,70,0,3,49,0,2,0
7/8/2023,178,0,311,1,464,74,178,661,0,5,60,0,2,0
8/8/2023,389,0,357,0,246,126,179,682,0,7,59,0,2,0
9/8/2023,471,0,360,1,99,71,182,668,0,6,63,0,3,0
10/8/2023,434,0,362,1,143,75,186,671,0,8,58,0,1,0
11/8/2023,1,0,392,1,488,84,191,615,0,7,67,0,4,0
12/8/2023,0,0,201,0,28,42,150,29,0,0,64,0,0,0
13/8/2023,2,0,52,1,210,61,138,95,0,4,53,0,2,0
14/8/2023,66,0,349,1,493,73,171,707,0,8,67,0,3,0
15/8/2023,102,0,344,247,400,78,172,718,0,6,66,0,2,0
16/8/2023,85,0,337,1,413,87,162,693,0,9,63,0,1,0
17/8/2023,108,0,339,360,245,78,162,700,0,5,60,0,3,0
18/8/2023,1,0,345,515,75,73,152,708,0,9,58,0,1,0
19/8/2023,1,0,347,531,59,61,149,676,0,8,56,0,1,0
20/8/2023,2,0,380,6,10,56,126,203,0,3,56,0,1,0
21/8/2023,24,0,336,0,444,76,147,706,0,4,55,0,0,0
22/8/2023,298,0,348,2,365,71,151,705,0,7,56,0,1,0
23/8/2023,488,0,318,1,105,69,151,683,0,7,57,0,2,0
24/8/2023,488,0,322,1,150,76,151,708,0,8,57,0,1,0
25/8/2023,323,0,323,1,262,68,153,703,0,7,59,0,1,0
26/8/2023,30,0,350,1,520,66,149,661,0,7,55,0,0,0
27/8/2023,2,0,289,0,91,50,123,179,0,2,49,0,1,0
28/8/2023,67,0,302,1,486,69,151,677,0,7,59,0,1,0
29/8/2023,368,0,326,0,313,70,145,699,0,7,55,0,2,0
30/8/2023,275,0,199,1,393,70,155,713,0,6,58,0,2,0
31/8/2023,288,0,254,1,462,68,150,692,0,8,55,0,1,0
1/9/2023,499,0,110,1,303,66,150,681,0,7,57,0,1,0
2/9/2023,519.7,0,3.3,1.4,358.9,63.3,150.9,656.8,0,8,55.8,0,1,0
3/9/2023,286.3,0,1.7,0,119.1,55.7,136.1,218.2,0,1,55.2,0,0,0
4/9/2023,281,0,129,1,495,74,146,638,0,6,55,0,0,0
5/9/2023,466,0,224,1,202,69,152,662,0,9,57,0,1,0
6/9/2023,487,0,274,1,115,71,152,626,0,7,56,0,0,0
7/9/2023,469,0,140,1,308,152,159,598,0,10,62,0,3,0
8/9/2023,491,0,425,1,51,136,156,625,0,7,62,0,3,0
9/9/2023,367,0,309,1,96,99,153,588,11,11,55,0,2,0
10/9/2023,2,0,3,1,296,60,127,64,0,4,52,0,2,0
11/9/2023,382,0,239,1,261,74,149,636,0,6,54,0,1,0
12/9/2023,494,0,351,0,52,80,152,631,0,11,57,0,3,0
13/9/2023,477,0,325,1,81,84,150,629,0,7,57,0,1,0
14/9/2023,468,0,310,1,82,84,150,615,0,10,56,0,3,0
15/9/2023,479,0,321,1,73,77,148,601,0,9,59,0,2,0
16/9/2023,492,0,334,1,55,72,155,611,18,7,57,0,1,0
17/9/2023,42,0,392,0,0,63,133,182,0,4,57,0,2,0
18/9/2023,3,0,336,1,405,79,152,633,0,8,58,0,1,0
19/9/2023,117,0,373,1,460,78,155,670,0,14,58,0,3,0
20/9/2023,143,0,359,1,430,83,156,685,0,8,58,0,3,0
21/9/2023,163,0,327,1,444,81,155,681,0,11,58,0,5,0
22/9/2023,129,0,348,1,453,78,155,623,0,12,59,0,4,0
23/9/2023,32,0,367,1,502,76,157,654,0,11,59,0,2,0
24/9/2023,2,0,404,0,47,67,136,168,0,4,56,0,5,0
25/9/2023,79,0,329,1,417,80,157,642,0,11,60,0,5,0
26/9/2023,86,0,339,1,473,75,148,670,0,7,58,0,5,0
27/9/2023,2,0,347,1,360,68.9,142.9,473.6,0,7,57,0,2,0
28/9/2023,64,0,331,1,470,76.1,158.1,620.4,0,13,59,0,3,0
29/9/2023,13,0,355,1,488,76,154,607,0,7,61,0,4,0
30/9/2023,2.2,0,358.1,1.8,490.8,76,155,605.4,0,11.25,58.3,0,4.98,0
1/10/2023,0.8,0,384.9,0.2,225.2,70.5,137,321.6,29,3.75,57.7,0,5.02,0
2/10/2023,6.6,0,327.4,1.5,402.1,76.3,152.1,559.1,0,9.82,58.4,0,3.49,0
3/10/2023,46.4,0,338.6,0.5,469.9,86.7,150.9,590.9,0,7.18,57.6,0,2.51,0
4/10/2023,49,0,323,1,440,79,151,574,0,10,56,0,5,0
5/10/2023,84,0,326,0,447,111,150,582,0,9,57,0,4,0
6/10/2023,64,0,332,1,455,94,159,573,0,11,63,0,7,0
7/10/2023,60,0,341,1,446,74,153,588,0,8,58,0,13,0
8/10/2023,1,0,387,1,187,67,135,267,0,4,51,0,5,0
9/10/2023,52,0,328,1,423,94,149,612,0,8,55,0,5,0
10/10/2023,146,0,316,1,437,108,150,636,0,14,55,0,6,0
11/10/2023,95,0,321,1,435,81,147,587,0,6,55,0,5,0
12/10/2023,120,0,323,0,438,87,146,639,0,10,53,0,5,0
13/10/2023,22.9,0,371.6,1.4,476.8,79.6,146.8,597.9,0,15.6,56.9,0,6.12,0
14/10/2023,1.1,0,365.4,0.6,184.2,67.4,127.2,349.1,0,4.4,53.1,0,5.88,0
15/10/2023,14,0,375,1,530,81,141,686,0,6,52,0,7,0
16/10/2023,160,0,316,1,440,91,147,693,0,11,54,0,6,0
17/10/2023,222,0,309,0,423,101,146,672,0,12,53,0,7,0
18/10/2023,226,0,308,1,422,98,148,698,0,11,53,0,5,0
19/10/2023,210,0,305,1,418,94,145,673,0,11,51,0,9,0
20/10/2023,160,0,319,1,436,98,145,632,0,8,56,0,8,0
21/10/2023,192,0,321,1,439,91,145,695,18,8,49,0,5,0
22/10/2023,60,0,386,1,289,84,132,460,0,9,49,0,9,0
23/10/2023,18,0,369,1,496,79,138,666,0,6,51,0,9,0
24/10/2023,204,0,306,0,423,93,148,694,0,9,53,0,7,0
25/10/2023,221,0,308,1,423,105,144,673,0,7,55,0,7,0
26/10/2023,281,0,303,2,415,103,153,745,0,11,50,0,8,0
27/10/2023,254,0,311,1,429,109,147,673,0,10,52,0,9,0
28/10/2023,215.7,0,314.2,2.2,433.6,115.2,159.2,689.8,0,7.7,48.9,0,8.69,0
29/10/2023,22.3,0,365.8,0.8,504.4,86.8,147.8,633.2,0,6.3,50.1,0,9.31,0
30/10/2023,209,0,306,2,425,126,157,649,0,9,51,0,7,0
31/10/2023,309.9,0,304.4,1,421.8,192.2,163.9,656.3,0,9.2,61.3,0,7.8,0
1/11/2023,388.1,0,293.6,1,407.2,216.8,162.1,704.7,0,8.8,55.7,0,6.2,0
2/11/2023,304,0,302,1,419,189,162,648,0,9,60,0,9,0
3/11/2023,263,0,310,1,429,189,164,642,0,11,54,0,9,0
4/11/2023,192,0,319,1,443,158,160,622,0,10,55,0,7,0
5/11/2023,16,0,396,1,270,149,142,319,18,8,50,0,10,0
6/11/2023,128,0,326,1,454,151,166,634,0,9,54,0,8,0
7/11/2023,154,0,322,1,436,98,180,615,0,12,65,0,8,0
8/11/2023,141,0,325,1,440,97,170,623,0,6,61,0,9,0
9/11/2023,113,0,328,2,445,97,167,605,0,12,61,0,7,0
10/11/2023,122,0,329,1,447,98,167,608,0,13,60,0,9,0
11/11/2023,108,0,348,1,468,91,201,621,0,11,96,0,7,0
12/11/2023,2,0,387,1,510,90,203,572,0,3,97,0,7,0
13/11/2023,5,0,338,1,472,95,144,567,0,7,42,0,8,0
14/11/2023,148,0,319,1,443,213,147,585,0,6,40,0,9,0
15/11/2023,306,0,310,2,420,336,146,532,0,6,42,0,8,0
16/11/2023,311,0,312,1,423,350,161,521,0,6,53,0,9,0
17/11/2023,274,0,325,1,438,358,166,510,0,5,57,0,12,0
18/11/2023,26,0,351,0,476,133,143,541,0,7,40,0,8,0
19/11/2023,16,0,373,1,274,89,125,395,0,3,35,0,10,0
20/11/2023,320,0,330,1,415,257,140,722,0,7,36,0,7,0
21/11/2023,447,0,324,133,320,324,141,691,0,5,40,0,12,0
22/11/2023,438,0,297,2,400,304,147,690,0,6,39,0,7,0
23/11/2023,464,0,321,1,240,165,144,703,0,5,40,0,9,0
24/11/2023,451,0,310,1,254,185,154,665,0,7,44,0,10,0
25/11/2023,483,0,336,1,207,172,146,678,0,6,41,0,11,0
26/11/2023,513,0,367,1,89,166,144,662,0,5,41,0,13,0
27/11/2023,453,0,311,1,280,222,151,666,4,7,41,0,10,0
28/11/2023,457,0,315,0,234,236,141,617,0,6,36,0,11,0
29/11/2023,453,0,314,1,353,232,148,600,119,7,39,0,12,0
30/11/2023,457,0,314,1,210,141,165,618,30,6,51,0,11,0
1/12/2023,462,0,318,1,142,130,177,589,0,6,43,0,8,0
2/12/2023,495,0,347,2,81,99,174,583,105,7,43,0,8,0
3/12/2023,515,0,373,1,30,163,284,305,56,2,167,0,11,0
4/12/2023,476,0,335,1,102,124,186,657,38,7,60,0,9,0
5/12/2023,147,0,331,1,469,121,173,649,31,5,46,0,10,0
6/12/2023,426,0,353,1,362,216,180,671,36,5,50,0,8,0
7/12/2023,454,0,346,1,218,182,179,640,26,5,49,0,8,0
8/12/2023,280,0,332,1,353,127,180,632,37,7,44,0,6,0
9/12/2023,480,0,352,1,154,104,180,632,26,5,44,0,12,0
10/12/2023,514,0,370,2,177,212,177,651,32,7,45,0,9,0
11/12/2023,504,0,361,0,317,346,180,629,35,6,45,0,12,0
12/12/2023,321,0,308,1,435,248,183,642,37,6,46,0,11,0
13/12/2023,276,0,319,1,422,151,181,647,41,5,46,0,12,0
14/12/2023,215,0,324,2,427,97,183,652,33,7,48,0,9,0
15/12/2023,344,0,320,0,421,98,295,653,33,5,161,0,11,0
16/12/2023,221,0,339,3,451,104,180,680,34,4,45,0,12,0
17/12/2023,27,0,380,1,358,120,154,405,40,4,45,0,10,0
18/12/2023,228,0,313,2,442,143,174,677,37,4,45,0,11,0
19/12/2023,269,0,315,1,417,141,179,636,43,5,48,0,9,0
20/12/2023,292,0,310,1,403,141,173,629,50,8,45,0,11,0
21/12/2023,258,0,315,1,414,149,178,648,34,7,42,0,13,0
22/12/2023,304,0,329,1,431,179,167,665,38,5,37,0,10,0
23/12/2023,283,0,333,0,440,167,165,641,39,4,34,0,13,0
24/12/2023,204,0,346,1,459,159,161,671,39,5,33,0,11,0
25/12/2023,342,0,305,1,405,179,160,662,43,7,35,0,10,0
26/12/2023,422,0,333,1,355,177,175,672,32,6,48,0,12,0
27/12/2023,450,0,347,0,254,191,171,625,45,4,46,0,9,0
28/12/2023,487,0,346,1,240,219,177,632,41,7,48,0,9,0
29/12/2023,509,0,368,1,124,169,180,614,34,4,51,0,8,0
30/12/2023,509,0,368,1,124,169,180,614,34,4,48,0,8,0
31/12/2023,0,0,0,0,0,0,0,0,0,0,0,0,0,0
1/1/2024,124,0,358,0,491,107,152,625,74,1,168,0,16,0
2/1/2024,88,0,387,1,478,120,1,650,39,0,113,0,8,0
3/1/2024,230,0,365,1,444,135,326,688,39,4,117,0,13,0
4/1/2024,401,0,358,0,367,166,181,691,39,4,126,0,10,0
5/1/2024,439,0,375,1,247,98,175,664,111,3,97,0,12,0
6/1/2024,434,0,317,1,212,108,171,625,32,6,90,0,10,0
7/1/2024,497,0,378,1,99,122,167,611,34,4,84,0,10,0
8/1/2024,436,0,316,1,349,331,180,599,34,4,89,0,10,0
9/1/2024,430,0,313,1,341,227,174,632,30,5,88,0,10,0
10/1/2024,430,0,311,0,377,231,176,662,38,6,71,0,10,0
11/1/2024,447,0,327,1,221,171,171,610,33,5,61,0,9,0
12/1/2024,453,0,328,1,226,164,177,628,32,6,63,0,8,0
13/1/2024,460,0,341,1,188,149,170,582,34,4,47,0,11,0
14/1/2024,246,0,200,1,208,148,161,335,33,5,43,0,8,0
15/1/2024,400,0,294,1,407,198,174,699,36,3,40,0,11,0
16/1/2024,413,0,291,1,373,154,168,677,32,6,47,0,10,0
17/1/2024,400,0,286,1,324,172,176,672,42,6,43,0,12,0
18/1/2024,411,0,293,1,392,182,181,671,33,4,56,0,11,0
19/1/2024,423,0,305,1,390,251,176,679,33,6,43,0,10,0
20/1/2024,439,0,324,1,389,275,171,644,49,4,45,0,11,0
21/1/2024,485,0,364,1,240,174,168,696,61,5,42,0,10,0
22/1/2024,429,0,308,1,368,183,167,618,71,6,44,0,12,0
23/1/2024,439,0,317,1,304,167,177,686,33,5,42,0,10,0
24/1/2024,436,0,315,1,264,174,172,628,39,5,40,0,11,0
25/1/2024,433,0,308,1,343,192,166,656,47,5,34,0,11,0
26/1/2024,437,0,300,1,313,176,173,649,32,5,45,0,10,0
27/1/2024,467,0,278,1,291,166,176,631,42,4,42,0,11,0
28/1/2024,326,0,208,1,199,130,161,436,33,5,42,0,10,0
29/1/2024,430,0,262,2,413,161,183,689,48,7,52,0,12,0
30/1/2024,434,0,267,0,371,150,176,683,40,3,44,0,12,0
31/1/2024,437,0,276,2,369,172,178,685,35,6,47,0,12,0
1/2/2024,438,0,281,2,328,186,179,641,34,6,46,0,10,0
2/2/2024,440,0,299,1,326,194,185,641,36,5,50,0,10,0
3/2/2024,447,0,316,1,326,169,180,680,41,5,44,0,10,0
4/2/2024,488,0,367,1,210,138,179,684,36,7,47,0,12,0
5/2/2024,420.8,0,333,1,401,234,191,683,94,8,55,0,11,0
6/2/2024,434.2,0,368,1,394,178,187,722,36,5,50,0,10,0
7/2/2024,430,0,307,2,373,189,181,686,41,6,44,0,13,0
8/2/2024,429,0,305,1,401,194,179,756,56,4,42,0,9,0
9/2/2024,425,0,313,97,397,182,186,759,47,6,48,0,11,0
10/2/2024,439,0,316,1,424,189,183,732,35,4,45,0,13,0
11/2/2024,288,0,216,1,450,200,162,479,45,3,41,0,11,0
12/2/2024,388,0,272,2,444,296,208,724,50,6,73,0,10,0
13/2/2024,427,0,349,164,367,269,189,701,36,6,44,0,13,0
14/2/2024,435,0,316,1,353,207,187,636,49,6,46,0,11,0
15/2/2024,422,0,345,2,430,325,222,658,43,6,69,0,12,0
16/2/2024,398,0,305,2,429,319,198,709,33,6,58,0,11,0
17/2/2024,431,0,320,1,469,337,190,675,9,7,42,0,10,0
18/2/2024,448,0,349,1,490,303,180,692,47,6,40,0,10,0
19/2/2024,376,0,308,5,414,315,190,661,41,7,37,0,10,0
20/2/2024,278,0,330,237,341,299,177,669,97,8,42,0,12,0
21/2/2024,421,0,324,136,449,320,185,658,58,9,39,0,11,0
22/2/2024,414,0,301,46,441,305,175,594,48,8,39,0,10,0
23/2/2024,414,0,307,100,441,307,197,662,46,9,45,0,10,0
24/2/2024,444,0,334,4,473,310,193,665,43,7,44,0,10,0
25/2/2024,182,0,169,2,461,302,179,364,42,3,43,0,10,0
26/2/2024,439,0,335,24,447,326,189,726,43,3,46,0,11,0
27/2/2024,345,0,300,403,374,338,208,709,41,7,55,0,11,0
28/2/2024,384,0,122,328,436,292,202,694,47,8,48,0,10,0
29/2/2024,350,0,1,440,396,269,202,712,43,7,48,0,12,0
1/3/2024,396,31,92,404,397,272,203,690,54,5,51,0,10,0
2/3/2024,369,0,2,454,419,274,199,710,37,8,45,0,9,0
3/3/2024,355,0,249,160,434,295,203,706,39,6,48,0,7,0
4/3/2024,413,60,327,172,350,289,210,696,93,8,57,0,12,0
5/3/2024,403,144,292,188,351,385,208,683,74,6,53,0,11,0
6/3/2024,386,143,292,154,399,386,202,662,112,7,48,0,10,0
7/3/2024,407,99,319,109,400,383,206,675,43,8,50,0,11,0
8/3/2024,403,207,290,71,397,386,200,680,58,7,45,0,10,0
9/3/2024,366,230,322,90,398,370,200,728,54,6,44,0,12,0
10/3/2024,127,271,366,2,279,361,185,461,47,4,42,0,10,0
11/3/2024,241,243,300,109,323,215,190,714,51,8,45,0,10,0
12/3/2024,261,231,274,3,391,276,175,639,46,10,38,0,9,0
13/3/2024,253,243,283,3,389,265,190,662,48,11,36,0,10,0
14/3/2024,258,234,304,121,303,274,187,633,63,10,42,0,12,0
15/3/2024,260,248,325,2,399,311,198,640,60,11,40,0,10,0
16/3/2024,369,236,324,3,350,331,180,644,44,8,41,0,12,0
17/3/2024,469,98,373,1,286,336,190,640,0,6,41,0,10,0
18/3/2024,408,92,301,156,405,356,189,685,88,9,45,0,11,0
19/3/2024,428,109,322,6,315,382,192,667,24,8,41,0,12,0
20/3/2024,375,117,323,2,369,339,184,579,0,10,38,0,10,0
21/3/2024,276,131,318,2,378,307,196,654,0,9,42,0,11,0
22/3/2024,179,124,342,301,361,375,187,589,77,6,44,0,10,0
23/3/2024,273,156,338,214,369,390,204,710,51,8,56,0,11,0
24/3/2024,271,179,236,2,320,276,173,505,43,7,41,0,9,0
25/3/2024,383,147,296,2,435,306,182,667,44,10,43,0,12,0
26/3/2024,349,148,248,2,392,201,197,688,52,9,42,0,12,0
27/3/2024,413,152,307,3,255,194,195,658,46,12,50,0,12,0
28/3/2024,325,158,229,1,375,198,205,650,46,7,43,0,11,0
29/3/2024,247,154,292,2,282,195,190,499,58,3,46,0,5,0
30/3/2024,168,169,334,1,341,185,174,593,0,7,41,0,8,0
31/3/2024,59,189,374,2,447,188,205,706,38,6,44,0,11,0
1/4/2024,261,163,315,2,380,195,196,646,46,6,45,0,12,0
2/4/2024,277,166,316,2,378,195,212,648,51,5,51,0,13,0
3/4/2024,330,100,284,205,377,378,220,691,47,5,44,0,13,0
4/4/2024,353,163,324,147,377,407,199,614,51,5,56,0,8,0
5/4/2024,281,209,340,149,346,404,216,684,44,6,44,0,7,0
6/4/2024,237,221,424,2,415,372,211,657,53,4,48,0,12,0
7/4/2024,74,233,439,2,296,325,190,401,46,4,45,0,11,0
8/4/2024,216,203,243,166,297,129,208,710,46,4,47,0,13,0
9/4/2024,316,182,283,1,392,100,239,699,57,4,67,0,11,0
10/4/2024,239,213,320,1,343,99,200,679,115,4,48,0,8,0
11/4/2024,295,214,322,2,276,129,241,725,44,6,80,0,12,0
12/4/2024,248,268,404,2,196,188,256,593,51,4,121,0,9,0
13/4/2024,38,7,155,0,329,165,279,510,28,0,93,0,4,0
14/4/2024,170,270,432,2,413,142,185,486,33,3,126,0,10,0
15/4/2024,311,307,168,2,429,189,231,697,48,1,80,0,9,0
16/4/2024,536,300,1,3,355,192,246,667,46,5,103,0,12,0
17/4/2024,517,288,33,1,285,151,242,695,48,4,69,0,10,0
18/4/2024,468,256,65,2,414,206,209,685,62,5,51,0,11,0
19/4/2024,452,242,50,2,407,207,247,705,52,8,69,0,12,0
20/4/2024,447,242,49,2,407,241,213,656,38,4,64,0,10,0
21/4/2024,511,282,54,1,249,285,207,424,56,0,55,0,12,0
22/4/2024,440,228,219,2,302,318,211,635,43,3,60,0,10,0
23/4/2024,447,234,162,2,419,351,221,646,110,7,50,0,15,0
24/4/2024,276,230,177,251,366,330,238,596,53,6,81,0,12,0
25/4/2024,412,208,196,2,444,270,233,697,52,7,68,0,10,0
26/4/2024,414,202,250,2,439,312,218,644,112,3,55,0,10,0
27/4/2024,447,225,149,1,473,328,229,649,58,3,55,0,12,0
28/4/2024,471,253,0,0,498,310,221,601,43,3,52,0,9,0
29/4/2024,427,212,182,2,453,332,232,682,64,6,51,0,12,0
30/4/2024,428,212,240,2,454,306,228,634,106,7,62,0,12,0
1/5/2024,453,275,0,1,541,295,233,675,40,4,53,0,14,0
2/5/2024,123,226,305,2,480,254,226,627,53,4,54,0,11,0
3/5/2024,376,202,313,2,422,345,243,686,124,5,54,0,8,0
4/5/2024,251,242,266,131,385,382,225,581,47,4,54,0,15,0
5/5/2024,55,261,296,2,352,328,220,324,46,5,52,0,9,0
6/5/2024,194,231,244,163,385,299,234,657,53,6,52,0,11,0
7/5/2024,178,223,326,2,416,128,227,706,55,5,41,0,11,0
8/5/2024,225,222,326,2,416,183,243,707,59,4,49,0,10,0
9/5/2024,238,208,282,195,359,247,230,699,63,8,49,0,12,0
10/5/2024,411,238,138,108,462,273,268,711,54,7,74,0,12,0
11/5/2024,370,251,97,2,444,238,241,638,56,7,54,0,12,0
12/5/2024,95,261,385,10,474,231,235,667,45,6,54,0,12,0
13/5/2024,417,226,188,320,233,263,239,657,107,7,48,0,11,0
14/5/2024,454,229,109,510,76,224,258,704,185,6,59,0,11,0
15/5/2024,225,222,270,35,342,194,245,670,81,7,53,0,12,0
16/5/2024,228,224,319,5,407,207,251,648,43,8,55,0,10,0
17/5/2024,205,228,317,0,413,218,255,645,46,7,58,0,12,0
18/5/2024,303,238,333,2,423,337,251,639,42,6,56,0,11,0
19/5/2024,175,262,359,3,469,389,181,612,34,5,42,0,10,0
20/5/2024,262,243,261,154,412,408,202,621,66,8,62,0,11,0
21/5/2024,135,279,361,3,498,390,198,637,50,8,48,6,10,0
22/5/2024,191,276,351,5,476,371,200,638,45,8,54,8,11,0
23/5/2024,376,238,303,6,429,392,204,719,43,5,63,8,11,0
24/5/2024,298,229,215,222,391,377,191,656,64,8,54,9,11,0
25/5/2024,268,250,318,19,446,369,192,674,52,10,50,8,12,0
26/5/2024,187,262,335,22,466,371,186,614,51,5,50,12,8,0
27/5/2024,261,240,206,216,386,367,210,639,45,7,65,14,13,0
28/5/2024,105,243,311,18,439,221,202,595,54,8,65,20,12,0
29/5/2024,119,239,311,18,433,218,197,614,88,8,55,16,10,5
30/5/2024,427,250,112,140,186,152,197,557,119,7,62,13,12,0
31/5/2024,493,259,160,19,121,218,212,557,52,9,67,30,9,0
1/6/2024,502,275,10,21,158,182,212,554,43,8,64,15,10,0
2/6/2024,440,294,4,23,65,145,168,322,44,6,53,0,10,0
3/6/2024,316,276,8,21,484,206,189,695,44,8,52,0,11,0
4/6/2024,277,235,29,197,385,188,200,671,55,9,53,4,11,0
5/6/2024,199,251,205,204,401,258,195,632,79,8,53,42,12,0
6/6/2024,327,227,217,15,434,232,205,661,63,10,53,39,13,0
7/6/2024,459,250,4,15,486,206,192,689,44,8,56,50,12,0
8/6/2024,317,241,254,16,284,201,190,710,44,10,52,22,13,0
9/6/2024,532,288,287,9,42,164,179,686,51,9,50,20,12,0
10/6/2024,439,223,302,3,214,249,183,669,42,10,50,19,14,0
11/6/2024,449,232,297,3,153,264,189,613,43,11,51,0,14,0
12/6/2024,441,225,295,3,206,282,251,622,57,9,52,46,12,0
13/6/2024,448,228,292,4,207,261,125,636,62,12,49,23,15,0
14/6/2024,458,235,296,5,165,238,187,645,42,9,57,29,11,0
15/6/2024,471,254,282,3,61,209,187,644,49,8,54,25,12,1
16/6/2024,391,292,128,4,5,202,173,350,53,6,49,20,12,0
17/6/2024,214,235,360,5,443,296,204,643,103,10,57,21,12,0
18/6/2024,279,253,375,184,351,463,203,693,52,12,53,23,16,0
19/6/2024,380,266,411,5,319,422,200,607,71,6,53,22,14,0
20/6/2024,461,280,426,3,105,247,204,644,96,15,53,22,13,0
21/6/2024,77,239,433,4,306,158,183,624,140,12,58,29,14,1
22/6/2024,3,249,449,4,367,138,183,658,75,11,54,22,15,0
23/6/2024,2,272,484,6,331,154,176,641,92,9,51,22,12,0
24/6/2024,53,230,428,4,417,162,194,662,86,12,60,20,13,0
25/6/2024,224,230,428,4,426,145,184,669,294,13,48,18,14,0
26/6/2024,167,240,440,5,430,141,180,626,317,10,45,17,13,0.5
27/6/2024,154,238,437,5,406,128,178,629,260,10,47,20,13,0
28/6/2024,99,237,435,5,405,134,187,590,245,10,52,26,14,0
29/6/2024,170,243,445,5,440,327,139,612,285,11,45,21,16,0.4
30/6/2024,493,276,491,6,301,164,210,456,237,9,44,20,11,0
1/7/2024,197,216,416,5,391,274,178,720,98,10,47,23,13,0
2/7/2024,393,201,398,5,404,308,187,760,66,11,50,23,14,0.1
3/7/2024,161,230,434,4,392,257,178,688,90,13,46,21,14,0
4/7/2024,264,230,436,13,340,237,179,763,61,10,42,23,14,0
5/7/2024,201,233,440,6,432,267,194,769,86,11,54,30,13,0
6/7/2024,58,240,453,5,398,152,176,757,48,11,46,26,13,0
7/7/2024,33,261,484,7,461,302,163,711,37,12,45,24,13,0
8/7/2024,146,225,432,5,414,213,172,758,65,13,45,28,14,0
9/7/2024,317,216,414,5,389,204,169,773,173,14,42,27,14,0
10/7/2024,329,219,418,5,345,184,163,750,135,12,39,25,13,0
11/7/2024,224,217,423,5,390,239,168,763,108,14,39,28,13,0
12/7/2024,395,219,392,178,262,302,171,756,117,8,43,32,13,0
13/7/2024,344,215,363,6,295,289,170,785,67,13,41,0,15,0
14/7/2024,96,263,322,5,267,269,145,412,56,14,39,0,12,0
15/7/2024,287,211,342,5,414,272,148,729,114,14,40,94,16,0
16/7/2024,416,206,241,266,423,291,154,774,248,13,36,45,15,1
17/7/2024,359,211,66,364,403,287,159,720,289,13,50,46,12,0
18/7/2024,307,211,239,285,389,284,158,767,177,10,40,46,14,0
19/7/2024,312,226,317,191,389,305,159,749,223,10,44,52,14,0
20/7/2024,482,245,250,5,506,281,160,733,214,11,42,51,11,1
21/7/2024,511,265,6,5,539,273,160,742,126,9,42,45,14,0
22/7/2024,483,248,34,5,510,261,170,729,91,10,53,39,12,0
23/7/2024,457,226,48,3,482,153,160,706,156,8,44,40,13,0
24/7/2024,446,219,34,5,469,150,162,650,195,10,43,40,15,0
25/7/2024,413,228,33,11,434,173,154,683,87,11,40,39,14,0
26/7/2024,273,230,262,17,393,163,175,733,96,9,54,41,10,1
27/7/2024,124,239,361,20,444,181,170,719,127,10,54,42,15,0
28/7/2024,2,297,335,11,247,139,158,410,88,9,60,36,10,0
29/7/2024,26,257,401,2,487,167,182,744,96,13,62,37,15,0
30/7/2024,210,243,276,131,385,184,181,760,103,9,57,37,13,0
31/7/2024,413,236,208,153,461,236,183,785,180,10,58,36,12,0
1/8/2024,456,231,123,93,481,256,174,779,110,11,56,38,13,1
2/8/2024,443,214,256,2,469,257,176,803,189,8,55,38,13,0
3/8/2024,469,232,175,2,495,313,164,779,75,11,43,39,14,0
4/8/2024,501,255,22,2,529,279,155,753,43,11,42,33,13,0
5/8/2024,452,223,131,2,479,220,169,771,85,10,44,36,15,0
6/8/2024,425,204,237,2,451,266,176,796,162,11,44,33,17,0
7/8/2024,442,214,288,2,469,347,168,745,110,10,44,31,14,0
8/8/2024,340,210,254,93,414,218,165,731,181,12,43,32,13,0
9/8/2024,396,229,280,100,426,180,181,732,282,8,55,35,13,1
10/8/2024,426,236,214,74,454,174,174,743,333,10,48,33,15,0
11/8/2024,339,265,84,2,368,186,154,458,215,10,43,35,15,0
12/8/2024,295,266,77,155,452,240,158,689,169,11,41,37,15,0
13/8/2024,367,225,279,212,423,246,164,758,318,10,45,39,15,0
14/8/2024,390,240,100,455,418,323,166,748,281,11,43,38,14,0
15/8/2024,280,234,318,224,385,229,166,699,347,12,46,40,13,0
16/8/2024,262,199,398,298,381,346,168,735,250,10,44,38,14,1
17/8/2024,403,191,393,2,441,236,168,734,222,12,43,33,15,0
18/8/2024,248,237,368,2,385,310,168,691,190,11,42,33,13,0
19/8/2024,360,218,22,307,411,272,174,726,281,6,53,33,14,0
20/8/2024,430,234,292,2,466,230,170,706,283,5,39,32,14,0
21/8/2024,423,229,284,2,457,282,161,657,341,10,38,32,14,1
22/8/2024,380,217,194,384,409,289,167,699,360,14,41,34,14,0
23/8/2024,320,206,272,154,410,298,172,672,208,9,45,33,15,0
24/8/2024,309,184,290,136,386,339,174,648,120,9,35,33,14,0
25/8/2024,67,228,443,1,309,274,154,392,67,8,32,31,13,0
26/8/2024,304,188,316,2,376,238,175,798,116,7,40,35,13,1
27/8/2024,426,194,226,398,456,229,178,836,309,8,40,38,15,0
28/8/2024,220,185,214,243,403,245,175,809,167,8,37,39,14,0
29/8/2024,327,185,207,327,441,350,179,784,66,7,39,34,16,0
30/8/2024,352,198,222,297,417,419,191,793,86,7,49,40,14,0
31/8/2024,343,209,213,262,434,397,183,781,67,8,42,35,10,0
1/9/2024,445,208,266,3,483,316,180,769,73,8,40,33,18,0
2/9/2024,443,182,293,2,471,365,180,822,78,6,39,31,17,1
3/9/2024,348,207,213,249,438,360,174,777,95,8,34,33,9,0
4/9/2024,429,189,204,185,446,376,186,778,74,7,40,32,15,0
5/9/2024,430,177,285,2,455,320,201,735,75,6,57,44,13,0
6/9/2024,420,172,237,101,446,296,211,771,83,6,54,47,15,0
7/9/2024,448,184,282,2,476,282,234,739,111,8,46,46,16,0
8/9/2024,290,123,171,1,428,286,171,479,79,8,46,43,13,1
9/9/2024,311,220,224,309,395,370,185,787,88,8,53,44,15,0
10/9/2024,426,212,290,2,464,256,214,781,65,7,45,46,14,0
11/9/2024,439,210,190,1,466,243,188,795,93,7,44,47,16,0
12/9/2024,376,247,72,273,432,262,190,819,119,5,48,48,15,0
13/9/2024,346,213,207,162,405,298,192,763,81,1,49,49,14,0
14/9/2024,433,220,281,136,424,444,176,762,89,2,44,46,14,1
15/9/2024,479,239,266,2,487,356,184,769,90,6,48,44,13,0
16/9/2024,336,224,215,228,391,361,197,758,120,7,61,41,15,0
17/9/2024,318,239,206,271,377,367,180,724,105,8,44,40,14,1
18/9/2024,427,229,366,2,451,366,169,727,108,8,39,38,13,0
19/9/2024,320,215,145,187,387,370,172,662,114,7,48,41,12,0
20/9/2024,301,222,113,225,394,209,169,726,139,5,43,47,13,0
21/9/2024,392,250,334,1,415,346,174,695,83,9,50,50,14,0
22/9/2024,4,300,461,2,243,343,154,453,72,9,39,44,10,1
23/9/2024,388,230,385,2,445,335,170,808,132,9,44,45,13,0
24/9/2024,421,193,364,1,447,221,174,836,113,6,43,48,14,0
25/9/2024,385,187,355,2,426,342,170,777,89,9,44,43,13,0
26/9/2024,343,192,368,1,442,371,181,756,85,7,54,46,12,0
27/9/2024,405,191,369,1,443,356,179,746,98,5,49,43,14,0
28/9/2024,311,196,315,1,383,358,175,697,75,10,49,44,14,0
29/9/2024,93,241,372,100,367,238,176,694,86,11,47,44,14,1
30/9/2024,345,203,389,2,442,410,174,691,64,9,48,44,14,0
1/10/2024,356,211,358,2,436,428,169,704,74,13,46,41,16,0
2/10/2024,273,222,287,167,402,258,165,752,155,10,43,46,15,0
3/10/2024,402,204,345,202,334,356,179,734,125,10,45,42,12,0
4/10/2024,433,194,382,2,168,273,195,636,58,6,57,46,12,0
5/10/2024,452,207,396,2,166,364,174,606,93,10,51,45,16,0
6/10/2024,306,131,207,1,255,370,151,389,24,9,48,43,11,1
7/10/2024,440,200,210,169,464,372,165,784,66,10,51,46,15,0
8/10/2024,277,223,193,222,401,262,172,825,88,9,51,44,15,0
9/10/2024,347,224,341,3,395,232,167,780,92,10,41,42,15,0
10/10/2024,278,234,328,2,417,224,163,756,88,8,44,43,13,0
11/10/2024,273,232,317,2,405,219,165,770,68,8,47,45,15,0
12/10/2024,194,242,330,2,424,223,161,714,47,7,46,45,17,1
13/10/2024,253,263,178,63,358,216,152,659,37,9,40,43,15,0
14/10/2024,2,282,465,2,45,285,130,363,27,8,41,43,15,0.3
15/10/2024,184,238,409,129,369,319,162,730,104,10,52,47,16,0
16/10/2024,93,238,109,2,486,259,163,707,86,10,45,45,14,0
17/10/2024,362,222,57,1,472,266,170,662,59,7,49,46,15,0
18/10/2024,136,242,112,2,443,273,174,612,131,5,46,46,13,0
19/10/2024,132,227,346,2,413,285,186,639,85,10,60,44,16,1
20/10/2024,3,291,77,1,300,269,209,149,26,10,97,40,13,0
21/10/2024,104,242,176,283,438,359,246,748,82,8,116,43,15,0
22/10/2024,164,232,305,159,391,327,191,721,76,7,56,44,14,0
23/10/2024,162,271,429,2,501,350,196,757,89,7,55,44,14,0
24/10/2024,92,231,264,183,400,349,182,746,61,6,56,45,14,0
25/10/2024,366,211,150,258,443,434,196,764,66,7,71,44,13,1
26/10/2024,419,234,157,3,495,213,185,726,128,5,63,42,14,0
27/10/2024,406,271,116,1,478,292,203,762,95,5,60,45,15,0
28/10/2024,229,221,354,3,343,223,196,713,102,7,59,43,14,0
29/10/2024,103,210,395,1,275,230,205,689,177,7,59,44,15,0
30/10/2024,318,209,393,2,185,220,208,712,101,7,58,43,12,0
31/10/2024,101,219,407,2,146,213,204,646,111,5,60,45,12,1
1/11/2024,70,218,400,2,163,213,221,649,121,4,65,42,12,0
2/11/2024,49,233,409,2,25,219,213,599,97,11,63,41,13,0
3/11/2024,2,290,233,2,18,146,181,185,70,6,58,40,10,0
4/11/2024,243,224,216,159,386,179,212,775,79,7,61,43,13,0
5/11/2024,222,212,380,167,321,218,213,770,94,7,55,43,12,0
6/11/2024,202,216,389,149,355,246,205,746,84,6,55,41,12,1
7/11/2024,186,215,371,161,356,259,211,770,65,5,56,42,12,0
8/11/2024,270,206,365,221,338,255,215,766,145,5,60,42,12,0
9/11/2024,201,218,385,116,331,201,209,738,94,7,55,43,12,0
10/11/2024,124,236,410,2,451,194,209,744,72,7,58,50,12,0
11/11/2024,97,218,378,127,322,243,212,704,99,9,64,52,13,0
12/11/2024,206,217,390,303,211,235,201,744,129,7,53,49,12,0
13/11/2024,272,209,371,187,223,241,196,732,84,5,53,46,11,1
14/11/2024,422,199,368,2,222,234,203,724,74,4,54,47,13,0
15/11/2024,444,195,359,3,319,248,193,681,159,3,55,47,9,0
16/11/2024,424,177,342,1,257,253,198,661,87,8,59,49,12,0
17/11/2024,110,231,86,1,293,268,159,141,69,9,50,46,10,0
18/11/2024,324,186,208,2,473,328,200,778,229,7,57,45,12,0
19/11/2024,388,194,347,422,428,285,206,788,210,8,68,53,12,0
20/11/2024,343,197,329,109,381,223,196,785,118,7,56,49,11,1
21/11/2024,378,202,320,142,274,224,201,772,104,5,59,48,13,0
22/11/2024,436,176,344,3,347,226,207,752,76,5,72,50,13,0
23/11/2024,110,184,364,2,266,220,209,753,72,9,63,52,13,0
24/11/2024,42,202,390,1,125,200,195,689,87,7,62,49,12,0
25/11/2024,404,174,345,2,287,256,209,703,75,8,62,53,11,0
26/11/2024,423,167,334,2,299,206,201,703,78,6,62,49,13,1
27/11/2024,413,162,323,2,259,193,193,693,65,8,60,52,14,0
28/11/2024,426,168,334,2,381,342,197,675,73,6,67,51,14,0
29/11/2024,446,178,343,2,248,223,201,646,106,0,69,51,13,0
30/11/2024,452,182,348,2,183,232,194,625,92,6,66,56,14,0
1/12/2024,0,99,333,0,0,207,179,0,0,7,59,0,0,0
2/12/2024,119,239,301,2,228,383,215,450,97,5,90,53,11,0
3/12/2024,340,230,315,319,366,234,174,835,130,5,52,51,14,1
4/12/2024,281,242,298,219,383,275,178,807,161,5,59,56,14,0
5/12/2024,264,184,266,213,355,194,158,812,70,8,58,58,14,0
6/12/2024,5,0,190,2,90,216,180,142,28,5,54,56,0,0
7/12/2024,357,0,305,344,417,217,177,790,120,4,54,56,14,1
8/12/2024,320,1,319,238,421,219,151,740,119,8,52,56,14,0
9/12/2024,3,252,198,2,266,316,175,105,76,6,47,57,13,0
10/12/2024,428,282,103,491,219,280,177,788,275,6,56,56,14,0
11/12/2024,444,293,83,495,36,312,187,719,111,7,58,53,14,0
12/12/2024,457,288,86,508,9,256,177,726,111,5,53,53,15,0
13/12/2024,402,235,256,448,27,199,184,736,67,5,56,53,15,1
14/12/2024,184,251,370,2,441,195,176,707,57,6,50,53,14,0
15/12/2024,95,289,290,2,436,178,155,658,70,6,51,52,13,0
16/12/2024,8,244,330,1,199,285,178,335,85,7,55,52,10,0
17/12/2024,218,209,329,269,369,242,189,776,143,8,58,49,16,0
18/12/2024,373,227,327,70,376,299,188,803,102,7,57,50,14,0
19/12/2024,411,246,256,56,403,271,173,819,103,8,52,47,13,0
20/12/2024,275,251,170,231,377,301,185,791,126,5,59,49,14,0
21/12/2024,350,268,287,336,385,312,174,809,142,4,52,53,14,1
22/12/2024,189,275,42,449,288,254,147,782,131,8,46,52,13,0
23/12/2024,2,133,246,503,15,249,174,212,134,5,48,54,12,0
24/12/2024,249,275,193,311,329,293,176,790,164,7,56,51,12,0
25/12/2024,169,246,254,403,421,253,177,748,132,7,51,52,15,0
26/12/2024,3,279,344,403,397,240,177,779,132,5,54,51,13,0
27/12/2024,411,308,415,2,276,235,172,754,92,7,53,52,13,0
28/12/2024,498,281,378,2,38,198,171,721,63,2,50,52,11,0
29/12/2024,451,5,1,2,76,165,128,660,118,0,34,52,10,0
30/12/2024,3,0,0,2,350,0,0,79,65,0,0,52,10,1
31/12/2024,0,0,0,0,0,0,0,0,0,0,0,0,0,0
1/1/2025,118,0,0,1,318,108,103,230,0,1,53,0,0,0
2/1/2025,2,264,224,2,126,200,92,305,0,0,34,50,4,0
3/1/2025,261,206,201,189,353,180,170,802,81,6,57,51,12,0
4/1/2025,267,190,310,197,342,187,180,825,101,5,57,50,14,0
5/1/2025,102,228,157,55,204,188,155,289,64,3,51,49,14,0
6/1/2025,262,190,287,191,361,202,175,814,101,8,54,50,14,0
7/1/2025,281,183,280,187,362,289,175,815,89,7,47,48,11,0
8/1/2025,301,202,282,284,367,181,181,814,167,7,54,48,11,0
9/1/2025,299,196,193,272,390,235,176,797,106,6,51,49,8,1
10/1/2025,316,207,178,252,380,212,184,825,104,8,56,48,11,0
11/1/2025,432,210,123,383,140,177,172,800,63,6,46,47,12,0
12/1/2025,164,253,110,176,169,203,152,467,63,5,40,47,11,0
13/1/2025,365,201,336,3,442,240,164,764,102,6,41,46,13,0
14/1/2025,316,206,326,3,406,250,171,773,98,8,41,46,10,0
15/1/2025,331,213,262,175,379,245,175,748,151,7,50,46,12,0
16/1/2025,268,231,207,204,386,237,182,768,116,7,49,46,9,0
17/1/2025,283,216,194,107,340,240,181,607,108,6,56,46,9,0
18/1/2025,262,221,197,333,296,205,182,731,116,6,54,50,11,0
19/1/2025,48,248,164,370,139,186,178,446,63,5,57,52,10,0
20/1/2025,227,215,250,324,189,195,186,747,141,8,56,48,13,0
21/1/2025,291,202,282,321,193,193,194,733,127,7,55,49,13,0
22/1/2025,259,196,292,306,210,194,182,713,129,7,56,49,14,0
23/1/2025,349,187,303,96,317,294,187,731,103,6,56,46,11,0
24/1/2025,414,182,342,96,419,403,184,699,55,7,62,46,12,0
25/1/2025,293,167,293,58,377,339,177,702,38,6,55,45,9,1
26/1/2025,131,97,352,65,356,349,160,449,49,5,52,45,9,0
27/1/2025,431,60,220,408,463,393,170,812,48,7,47,43,14,0
28/1/2025,364,48,74,354,422,381,171,769,43,7,48,43,14,0
29/1/2025,375,91,260,280,425,409,174,790,59,6,46,44,15,0
30/1/2025,373,85,112,350,426,304,177,757,45,7,50,45,11,1
31/1/2025,370,94,99,301,422,251,186,786,45,6,55,47,13,0
1/2/2025,399,99,123,228,434,236,189,795,41,5,59,45,15,0
2/2/2025,272,101,148,123,392,230,165,522,58,5,54,45,14,0
3/2/2025,352,84,101,258,396,187,188,759,34,8,58,45,13,0
4/2/2025,394,85,76,427,421,286,184,792,71,6,54,43,14,0
5/2/2025,393,79,167,372,430,476,184,777,113,7,56,40,13,0
6/2/2025,389,71,159,443,411,354,179,735,72,6,57,43,13,0
7/2/2025,351,77,99,361,383,267,185,757,73,13,62,43,13,0
8/2/2025,341,86,89,301,406,226,183,763,65,0,55,39,14,0
9/2/2025,231,108,150,1,408,207,140,474,35,6,44,41,13,1.3
10/2/2025,419,84,111,263,439,257,173,749,87,6,51,41,16,0.1
11/2/2025,424,82,90,270,445,254,174,732,77,6,52,44,13,0.2
12/2/2025,147,110,106,51,250,281,130,279,25,4,35,42,1,0
13/2/2025,361,91,95,345,416,288,184,751,26,6,55,46,15,0
14/2/2025,358,85,145,172,414,313,188,722,40,5,65,48,14,0.3
15/2/2025,133,104,106,271,399,295,183,715,25,6,61,48,14,0.2
16/2/2025,48,110,175,2,479,301,174,705,32,6,62,49,12,0.1
17/2/2025,330,90,155,140,467,324,189,781,26,6,63,49,14,0.1
18/2/2025,463,97,110,215,489,263,177,753,41,7,57,46,13,0.2
19/2/2025,157,100,164,3,479,226,183,765,32,7,60,48,13,0.1
20/2/2025,205,95,67,262,471,322,186,757,27,8,62,49,13,0.2
21/2/2025,440,90,146,153,466,369,193,762,34,7,70,46,16,0
22/2/2025,91,91,158,323,334,292,177,803,40,6.6,51,47,10,0
23/2/2025,226,90,127,2,448,272,153,445,25,5.4,47,44,10,0
24/2/2025,421,210,116,218,429,298,164,771,25,7,43,47,17,0.2
25/2/2025,345,215,104,119,400,291,157,815,30,8,41,41,16,0
26/2/2025,225,232,97,278,401,306,160,813,25,9,42,46,15,0
27/2/2025,136,226,79,322,361,198,162,813,80,6,44,49,14,0
28/2/2025,57,230,95,232,365,279,167,819,31,9,86,48,13,0
1/3/2025,240,232,111,478,405,285,166,797,59,8,30,48,14,0
2/3/2025,114,236,158,2,462,262,166,795,39,8,47,35,8,1
3/3/2025,46,221,98,228,440,319,167,810,44,11,47,60,15,0
4/3/2025,251,217,109,298,373,304,170,785,47,9,46,47,18,0
5/3/2025,132,214,142,322,446,317,171,795,79,8,49,57,13,0
6/3/2025,264,201,146,293,396,270,172,778,80,7,47,58,13,0
7/3/2025,260,191,218,325,403,244,189,795,55,8,69,54,13,0
8/3/2025,229,224,61,280,452,265,191,786,59,7,62,51,14,0
9/3/2025,93,231,159,212,360,255,163,499,55,9,57,51,13,0.8
10/3/2025,305,175,91,314,410,239,187,839,70,8,66,59,15,0.1
11/3/2025,318,174,119,230,422,239,176,823,102,7,70,60,13,0.2
12/3/2025,267,180,54,388,424,242,163,851,62,8,79,60,15,0.1
13/3/2025,90,174,87,194,421,217,155,823,56,8,74,56,15,0.1
14/3/2025,65,167,116,110,449,222,155,794,44,8,73,58,16,0.1
15/3/2025,52,167,139,4,479,219,177,820,24,7,90,62,14,0.1
16/3/2025,43,176,109,203,469,212,174,803,27,6,93,57,14,0.2
17/3/2025,56,163,94,127,406,197,181,798,24,8,95,58,12,0.1
18/3/2025,52,161,103,223,428,233,177,807,34,8,92,59,15,0.1
19/3/2025,99,157,108,346,407,237,174,797,58,8,89,57,15,0.1
20/3/2025,56,143,136,243,449,225,169,798,54,7,85,56,17,0.1
21/3/2025,149,157,140,290,417,243,175,790,24,9,92,55,16,0.2
22/3/2025,290,162,96,191,431,228,189,759,24,9,99,57,14,0
23/3/2025,80,171,124,3,392,179,162,579,25,6,92,56,11,0
24/3/2025,233,149,91,227,427,208,185,773,50,10,96,57,15,0
25/3/2025,144,122,81,176,385,194,170,721,48,11,92,58,17,0
26/3/2025,83,180,75,393,437,221,171,739,57,8,94,59,12,0
27/3/2025,323,155,30,251,438,223,181,732,102,9,94,60,14,0.7
28/3/2025,110,139,59,255,428,216,172,715,108,9,91,62,13,0
29/3/2025,49,167,124,5,461,234,180,734,75,9,90,58,14,0
30/3/2025,291,206,177,5,395,226,170,477,31,5,93,74,7,0
31/3/2025,291,166,177,5,334,225,170,620,20,6,90,40,10,0
1/4/2025,81,162,75,204,497,248,175,806,46,7,98,53,14,0
2/4/2025,35,173,144,4,511,201,173,812,123,6,89,52,15,0
3/4/2025,34,178,138,3,503,216,190,826,67,5,83,50,16,1
4/4/2025,35,186,172,4,522,258,181,828,65,7,103,54,14,0
5/4/2025,32,188,88,4,512,189,166,809,49,7,95,55,15,0.3
6/4/2025,18,190,114,4,368,217,174,558,24,4,91,55,14,0.1
7/4/2025,137,193,150,226,460,265,187,811,90,7,90,53,14,0
8/4/2025,88,182,173,3,511,252,218,799,34,8,95,53,16,0.3
9/4/2025,33,180,151,3,538,227,164,802,68,6,80,55,15,0.3
10/4/2025,33,178,81,4,545,246,175,813,64,7,79,53,14,0
11/4/2025,31,183,38,3,529,252,120,777,23,7,100,53,13,0
12/4/2025,30,187,2,4,517,82,157,874,4,4,83,46,9,0
13/4/2025,13,198,38,2,221,261,132,275,35,4,85,35,9,0
14/4/2025,91,190,92,2,348,183,136,747,23,3,80,51,12,0.3
15/4/2025,30,191,171,2,237,199,134,753,25,4,83,52,13,0.1
16/4/2025,31,203,160,3,273,196,142,759,50,6,78,51,12,0
17/4/2025,32,205,161,3,265,216,146,705,28,6,83,54,14,0.2
18/4/2025,31,202,154,2,216,175,149,674,60,10,82,55,14,0
19/4/2025,31,202,164,3,186,200,169,684,26,9,80,51,11,0
20/4/2025,21,207,147,3,162,173,188,505,23,8,63,55,14,0.4
21/4/2025,73,174,86,2,532,167,207,758,38,9,63,60,14,0
22/4/2025,31,177,27,2,542,165,207,817,53,9,71,54,14,0
23/4/2025,31,169,138,2,527,215,216,814,98,11,73,58,16,0
24/4/2025,31,169,134,2,531,189,238,797,91,11,82,59,14,0
25/4/2025,31,170,141,2,531,225,221,781,58,9,83,58,15,0
26/4/2025,30,175,96,4,538,217,215,785,54,9,77,53,14,0
27/4/2025,246,180,209,2,489,213,219,779,46,8,68,53,13,0
28/4/2025,63,177,163,144,452,216,226,790,48,11,71,52,14,1
29/4/2025,33,170,159,199,74,245,237,785,105,10,75,55,14,0
30/4/2025,39,162,127,258,102,255,237,764,91,10,85,57,15,0
1/5/2025,72,157,190,2,110,257,166,717,60,10,59,51,15,0
2/5/2025,73,131,87,270,73,243,189,742,59,11,68,57,14,0
3/5/2025,41,141,131,4,10,213,173,678,111,10,59,53,14,0.7
4/5/2025,32,163,78,2,132,218,160,629,31,7,59,54,12,0.2
5/5/2025,43,136,95,310,80,274,176,759,47,6,61,60,12,0.1
6/5/2025,78,169,148,146,47,292,185,813,47,8,65,56,11,0.1
7/5/2025,63,182,149,259,121,358,187,807,61,8,57,53,14,0.2
8/5/2025,33,184,61,253,111,371,182,816,56,7,56,56,13,0.1
9/5/2025,32,180,67,137,15,302,185,805,100,7,65,62,12,0.1
10/5/2025,31,175,146,4,11,263,170,789,103,5,52,58,13,0.2
11/5/2025,29,179,87,80,268,263,167,762,100,6,46,55,13,0
12/5/2025,33,172,108,3,535,239,157,793,95,6,46,54,12,0.1
13/5/2025,85,175,151,104,467,211,154,798,90,6,48,58,14,0.05
14/5/2025,40,175,45,177,523,296,147,802,82,7,44,53,13,0.05
15/5/2025,204,179,89,338,295,246,144,793,105,8,49,56,11,0.1
16/5/2025,58,191,58,558,60,217,152,765,153,7,58,55,12,0
17/5/2025,54,190,195,214,476,202,142,762,88,7,48,55,11,0
18/5/2025,96,180,217,127,116,208,133,737,57,5,52,57,12,0
19/5/2025,37,180,154,144,6,317,154,773,161,8,59,54,12,0
20/5/2025,30,178,157,127,31,289,157,759,155,9,60,58,14,0
21/5/2025,53,180,163,243,474,359,156,744,172,9,56,53,13,0
22/5/2025,73,178,235,296,140,356,152,755,183,8,52,55,14,0
23/5/2025,58,259,193,315,252,420,156,767,136,7,56,55,13,0
24/5/2025,79,86,96,499,94,351,169,753,155,10,53,55,14,1
25/5/2025,34,186,49,586,2,275,161,740,126,7,52,58,13,0
26/5/2025,34,178,114,566,18,389,155,754,123,8,48,54,13,0
27/5/2025,34,180,134,569,72,416,163,752,109,11,49,52,14,0
28/5/2025,31,178,158,565,21,435,158,734,97,8,50,54,13,0
29/5/2025,32,181,122,567,13,406,157,726,69,10,43,54,14,0
30/5/2025,73,196,151,7,242,422,182,816,102,10,63,51,13,0
31/5/2025,73,167,166,457.78,242,280,150,620,30,10,50,53,11,0
1/6/2025,14,181,98,158,324,351,133,438,47,7,34,78,10,0.9
2/6/2025,28,187,67,475,92,357,156,792,124,12,46,64,14,0.1
3/6/2025,30,197,121,599,2,383,161,783,57,14,45,67,13,0.1
4/6/2025,29,185,156,580,17,450,164,789,66,13,49,68,15,0.1
5/6/2025,28,173,127,559,53,484,165,801,59,14,47,64,15,0.2
6/6/2025,29,170,100,557,46,340,180,767,67,16,62,67,15,0.1
7/6/2025,28,181,34,581,22,304,165,753,66,13,53,70,14,0.2
8/6/2025,26,179,118,568,1,499,163,746,75,10,49,71,13,0.1
9/6/2025,28,169,48,549,43,352,168,720,79,8,50,63,13,0.5
10/6/2025,28,179,32,583,3,324,167,686,63,6,49,68,15,0.3
11/6/2025,27,172,83,547,0,344,163,711,63,6,48,68,14,0.2
12/6/2025,26,171,81,560,4,329,181,725,66,7,61,68,14,0.1
13/6/2025,28,172,50,564,6,517,174,746,62,6,51,67,12,0.3
14/6/2025,29,176,87,579,4,81,175,709,77,6,54,65,13,0.1
15/6/2025,13,188,169,286,66,309,157,445,47,6,48,68,13,0
16/6/2025,26,182,189,187,58,357,169,802,59,7,54,67,14,0
17/6/2025,27,173,227,131,30,343,173,830,83,8,54,65,13,0.2
18/6/2025,26,163,186,7,7,383,179,795,108,7,60,66,14,0.2
19/6/2025,27,184,141,264,118,370,183,792,124,8,58,68,12,0.3
20/6/2025,27,176,51,163,27,341,202,788,63,8,75,70,15,0
21/6/2025,15,177,81,404,122,344,188,741,55,7,59,70,14,0
22/6/2025,18,182,182,575,97,375,186,747,53,5,59,67,13,0
23/6/2025,25,175,146,200,38,361,146,722,126,7,46,69,14,0
24/6/2025,27,170,158,210,223,366,154,734,119,6,52,70,14,0
25/6/2025,23,171,167,246,58,339,199,750,118,7,88,72,12,0
26/6/2025,21,172,107,214,71,364,159,722,83,7,44,71,13,0
27/6/2025,28,177,76,154,14,282,176,703,127,6,61,65,13,1
28/6/2025,27,173,61,6,13,318,163,686,121,6,51,67,12,0.4
29/6/2025,16,180,225,4,73,362,149,388,142,5,48,62,12,0.2
30/6/2025,26,168,141.66,7,70,362,162,801,53,8,50,62,12,0.1
1/7/2025,28,170,184,98,16,349,173,788,87,7,57,63,13,0.1
2/7/2025,28,161,243,6,23,399,169,793,53,7,46,61,13,0.1
3/7/2025,27,159,239,7,23,368,175,792,80,7,54,63,11,0.2
4/7/2025,27,165,201,94,25,364,176,799,78,7,51,66,13,0.1
5/7/2025,27,166,162,5,24,312,169,798,60,7,43,67,15,0.1
6/7/2025,25,165,83,4,20,282,162,770,52,6,40,64,12,0.1
7/7/2025,27,161,171,4,20,355,165,748,55,7,43,66,13,0.1
8/7/2025,27,160,203,6,17,353,163,772,75,8,40,64,13,0.1
9/7/2025,27,160,248,7,12,356,166,792,121,7,41,66,13,0.2
10/7/2025,25,163,217,5,11,382,197,747,63,5,66,68,12,0.1
11/7/2025,26,164,191,6,12,341,195,724,122,7,60,66,13,0
12/7/2025,26,170,225,73,14,482,188,737,99,10,53,62,10,0.1
13/7/2025,18,170,149,6,12,403,173,471,62,7,54,61,16,0
14/7/2025,23,171,146,187,18,296,184,772,164,9,56,67,13,0
15/7/2025,22,160,221,6,13,324,182,803,120,9,53,66,15,0
16/7/2025,28,149,134,299,23,306,179,785,150,7,51,65,13,0
17/7/2025,31,126,129,225,29,294,174,778,141,8,47,63,14,0
18/7/2025,29,131,0,337,26,322,178,725,147,9,56,68,12,0
19/7/2025,25,158,0,337,34,365,186,717,136,9,59,69,14,0
20/7/2025,26,161,1,64,24,268,170,677,70,5,50,70,12,1
21/7/2025,26,144,0,180,34,300,176,670,69,9,50,68,13,0
22/7/2025,31,141,0,261,28,258,173,678,92,9,47,67,14,0
23/7/2025,31,145,0,193,20,370,171,666,93,8,49,63,12,0
24/7/2025,30,136,0,4,26,266,175,657,71,9,48,66,13,0
25/7/2025,30,129,0,133,24,381,184,631,73,8,62,67,13,0
26/7/2025,26,141,0,8,23,329,185,609,72,7,53,70,11,0
27/7/2025,13,174,0,151,25,322,142,335,48,6,46,66,13,1
28/7/2025,16,163,0,480,25,322,160,759,49,7,49,65,11,0
29/7/2025,13,125,0,517,23,344,175,825,69,8,52,71,15,0
30/7/2025,-3,118,0,579,26,360,165,786,78,10,50,67,13,0
31/7/2025,27,120,0,579,26,342,160,838,105,9,49,68,14,0
1/8/2025,3,505,0,565,14,333,174,789,101,8,68,72,16,0
2/8/2025,2,568,0,581,6,362,179,856,72,7,56,74,11,0
3/8/2025,5,593,0,586,5,315,142,715,59,6,53,73,13,1
4/8/2025,2,584,0,588,13,421,165,799,95,9,58,73,13,0
5/8/2025,249,533,0,389,149,378,162,798,126,9,58,76,12,0
6/8/2025,29,492,0,7,48,392,164,791,93,8,53,72,15,0
7/8/2025,17,467,0,7,56,418,163,785,81,8,50,70,12,0
8/8/2025,8,488,0,301,40,340,173,771,51,8,64,72,12,0
9/8/2025,0,481,0,347,22,319,161,770,51,7,53,77,11,1
10/8/2025,1,154,0,363,21,266,140,409,37,8,53,71,12,0
11/8/2025,23,456,0,32,57,423,159,836,119,6,52,69,14,0
12/8/2025,20,468,0,7,58,375,159,843,65,8,54,68,15,0
13/8/2025,28,465,0,220,31,327,164,838,61,8,57,71,13,0
14/8/2025,22,462,0,182,34,311,162,809,60,9,71,70,14,1
15/8/2025,33,467,0,153,18,303,159,811,57,7,68,69,14,0
16/8/2025,33,472,0,156,19,296,159,815,51,8,70,66,14,0
17/8/2025,5,496,0,549,9,324,146,798,66,6,63,67,14,0
18/8/2025,40,472,0,193,9,317,161,789,92,8,68,69,15,0
19/8/2025,45,473,0,215,4,321,161,784,56,9,67,70,13,0
20/8/2025,11,472,0,560,3,321,165,758,103,8,71,72,15,1
21/8/2025,44,467,0,270,2,346,154,753,102,9,61,68,15,0
22/8/2025,43,476,0,351,2,368,161,771,121,7,66,66,24,0
23/8/2025,59,467,0,7,4,349,160,802,98,9,58,72,5,0
24/8/2025,37,487,0,8,4,313,131,480,87,6,59,69,5,0
25/8/2025,33,474,0,290,4,339,146,789,66,9,57,72,12,1
26/8/2025,38,471,0,325,4,319,149,791,146,9,60,70,12,0
27/8/2025,52,483,0,106,13,328,149,789,127,9,59,73,13,0
28/8/2025,48,479,0,113,13,338,150,781,117,9,61,70,12,0
29/8/2025,65,465,0,8,4,345,171,833,68,9,78,76,10,1
30/8/2025,50,486,0,71,19,322,153,822,77,9,64,71,12,0
31/8/2025,64,471,0,0,0,319,137,786,66,5,57,69,11,0
1/9/2025,51,476,0,126,14,371,165,836,92,9,64,72,13,0
2/9/2025,46,484,0,294,36,419,154,784,144,10,59,68,15,0
3/9/2025,40,477,0,103,12,355,160,792,89,10,62,74,14,1
4/9/2025,52,484,0,127,14,407,168,793,73,8,65,71,13,0
5/9/2025,53,485,0,157,18,443,163,786,103,10,64,70,15,0
6/9/2025,52,478,0,96,12,352,158,796,98,8,58,75,13,0
7/9/2025,28,519,0,108,12,322,137,529,138,9,53,73,15,0
8/9/2025,52,453,0,7,37,425,151,823,97,10,57,70,14,1
9/9/2025,48,458,0,7,29,382,149,788,86,9,53,73,14,0
10/9/2025,48,467,0,157,18,436,151,797,91,10,55,72,15,0
11/9/2025,53,458,0,7,30,379,164,787,113,9,68,75,14,0
12/9/2025,39,469,0,122,23,355,156,776,122,8,64,159,14,1
13/9/2025,4,499,0,565,7,381,161,795,92,8,64,190,14,0
14/9/2025,7,498,0,596,13,278,149,804,168,6,55,83,15,0
15/9/2025,0,474,0,567,3,320,164,782,53,9,61,48,15,0
16/9/2025,10,496,0,603,4,343,164,817,105,7,63,51,16,1
17/9/2025,17,468,0,563,4,342,-13,781,142,9,65,52,16,0
18/9/2025,18,481,0,584,3,338,346,883,136,9,63,51,15,0
19/9/2025,53,472,0,270,4,288,184,715,202,3,83,52,14,0
20/9/2025,49,494,0,187,3,257,172,755,117,12,67,50,15,1
21/9/2025,28,557,0,87,3,241,154,437,178,7,68,55,14,0
22/9/2025,42,491,0,147,18,324,170,818,184,9,70,49,16,0
23/9/2025,53,497,0,176,20,341,168,803,208,8,67,51,15,0
24/9/2025,29,475,0,155,44,329,169,805,183,9,70,52,14,0
25/9/2025,24,439,0,7,56,276,173,822,167,10,69,53,17,1
26/9/2025,25,448,0,7,56,272,201,820,195,8,85,55,13,0
27/9/2025,16,458,0,7,56,251,178,787,177,9,64,52,14,0
28/9/2025,9,479,0,6,59,245,171,800,86,6,72,53,14,0
29/9/2025,22,463,0,8,56,264,181,826,189,10,72,54,16,1
30/9/2025,30,452,0,7,55,262,165,798,226,9,63,52,14,0
1/10/2025,21,455,0,7,54,268,168,818,156,10,60,55,17,0
2/10/2025,40,466,0,120,33,291,175,813,186,10,67,53,15,0
3/10/2025,46,471,0,105,13,259,170,776,136,7,65,53,13,1
4/10/2025,64,461,0,9,4,341,181,771,58,8,70,52,13,0
5/10/2025,11,478,0,7,7.2,300,181,587,25,9,90,51,14,0
6/10/2025,10.4,461,38.9,534,4.4,370,177,823,119,9,73,51,14,0
7/10/2025,59.6,451,33.4,54,3.1,394,163,797,84,10,65,50,15,0
8/10/2025,68,447,34,7,2.3,440,158,795,82,8,62,49,15,1
9/10/2025,67,444,33,6,12.1,428,155,793,185,8,60,49,14,0
10/10/2025,68,453,24,5,1.9,382,151,757,89,8,66,53,15,0
11/10/2025,68,457,18,6,0,358,147,787,26,8,62,54,16,0
12/10/2025,3,475,42,6,15,371,128,564,27,3,56,55,14,0
13/10/2025,0,463,58,6,31,368,138,779,17,8,61,55,14,1
14/10/2025,0,451,53,4,33,319,137,785,59,9,56,53,13,0
15/10/2025,0,443,51,99,28,356,138,800,41,8,58,55,16,0
16/10/2025,1,460,44,270,29,377,154,806,90,8,73,55,14,0
17/10/2025,0,453,52,253,17,384,146,767,57,7,66,53,14,0
18/10/2025,0,462,54,182,20,358,151,802,69,7,67,57,16,1
19/10/2025,0,469,34,77,9,335,122,467,61,3,60,55,15,0
20/10/2025,1,445,57,148,18,339,134,792,59,8,63,56,17,0
21/10/2025,0,446,57,160,19,357,135,792,65,10,61,55,15,1
22/10/2025,0,454,55,176,20,345,135,807,88,9,59,55,15,0
23/10/2025,0,470,56,149,17,337,133,794,62,8,59,53,14,0
24/10/2025,0,445,53,183,22,354,149,790,64,9,75,69,19,1
25/10/2025,1,447,54,180,20,347,134,798,64,8,63,74,13,0
26/10/2025,0,458,56,150,18,355,130,784,58,6,59,76,17,0
27/10/2025,0,447,53,189,22,367,131,772,94,9,59,74,16,0
28/10/2025,1,442,53,178,21,364,127,771,63,8,58,76,15,1
29/10/2025,0,445,54,173,20,373,130,775,62,9,59,75,16,0
30/10/2025,0,448,54,163,19,357,124,770,64,10,55,76,15,0
31/10/2025,0,446,53,211,27,366,133,800,155,10,60,78,17,0
1/11/2025,0,455,54,159,19,325,122,772,122,7,48,79,13,1
2/11/2025,1,483,33,85,11,309,109,457,61,8,49,78,13,0
3/11/2025,0,453,54,179,22,310,124,801,117,9,49,84,15,0
4/11/2025,0,446,54,198,24,337,128,768,156,10,50,84,15,1
5/11/2025,0,444,53,222,28,417,135,778,114,9,54,85,16,0
6/11/2025,0,444,53,204,26,381,139,774,113,8,57,88,15,0
7/11/2025,1,443,54,205,26,357,149,776,130,9,64,88,14,0
8/11/2025,0,449,55,181,23,366,145,752,102,7,52,87,13,0
9/11/2025,0,463,55,190,21,366,157,760,50,7,57,88,13,0
10/11/2025,0,439,61,226,24,286,157,763,90,7,56,91,14,0
11/11/2025,0,439,53,225,26,308,156,748,137,8,57,95,14,1
12/11/2025,1,404,47,220,25,338,160,663,92,12,66,92,15,0
13/11/2025,0,455,49,229,26,332,147,784,105,7,54,95,15,0
14/11/2025,0,454,48,229,28,371,159,771,92,7,61,93,14,1
15/11/2025,1,454,46,182,21,319,153,733,65,7,56,93,15,0
16/11/2025,0,491,36,126,11,318,127,448,37,12,51,89,13,0
17/11/2025,0,447,55,218,27,393,144,803,81,8,52,91,15,1
18/11/2025,0,448,54,204,25,400,93,792,115,8,10,91,14,0.4
19/11/2025,0.9,447,51.9,225,28,350,87,804,128,8,0.1,90,15,0.3
20/11/2025,0.2,456,50.1,69,29,294,88,763,103,8,0,88,18,0.2
21/11/2025,0.2,443,51,134,24,353,90,761,65,7,0,35,15,0.3
22/11/2025,0.2,451,52,127,22,302,93,776,66,9,0,34,17,0.3
23/11/2025,15.9,478,36,134,22,305,89,789,89,6,-0.1,38,14,0.2
24/11/2025,0.3,453,51,140,25,306,92,807,74,7,0,39,16,0.4
25/11/2025,0.2,459,51,79,25,293,92,799,67,8,0,38,15,0.3
26/11/2025,0.2,431,50,118,23,369,92,784,74,8,0,35,16,0.2
27/11/2025,0.2,459,51,129,24,314,89,773,117,9,0,32,15,0.3
28/11/2025,-0.3,445,49,120,24,328,90,749,125,7,0,47,14,0.1
29/11/2025,0.8,465,50,82,19,320,87,738,75,10,0,0,14,0.5
30/11/2025,21806.2,497,30,97,17,331,61,205,416,5,0,0,13,-0.5
1/12/2025,0.1,443,51,166,30,351,108,793,147,7,0,0,18,1
2/12/2025,0,440,49,199,32,303,135,771,214,10,2,51,15,0
3/12/2025,0,442,50,205,33,400,156,760,139,10,54,52,15,0
4/12/2025,0,439,51,215,35,406,181,795,135,10,62,60,15,0
5/12/2025,0,462,57,147,28,384,199,754,74,9,61,56,15,0
6/12/2025,1,454,54,183,33,378,198,750,147,8,67,51,16,1
7/12/2025,0,454,55,163,30,410,199,783,68,5,65,55,13,0
8/12/2025,0,434,52,222,36,367,198,814,159,9,64,54,16,0
9/12/2025,0,436,51,200,34,354,191,761,125,7,63,46,16,1
10/12/2025,14,432,47,218,33,453,191,737,153,11,63,44,16,0
11/12/2025,39,427,17,17,54,350,183,776,179,9,55,47,16,0
12/12/2025,20,448,8.6,224,53.8,379,192,802,121,11,61,42,13,0
13/12/2025,8,354,2.4,204,34.2,340,169,457,60,8,51,47,7,1
14/12/2025,15,0,6,2,39,358,161,104,-27,5,51,44,6,0
15/12/2025,39,444,22,269,23,349,183,809,128,9,63,43,17,0
16/12/2025,40,463,19,283,24,374,195,825,162,11,66,47,17,0
17/12/2025,37,455,17,264,22,287,187,791,176,10,65,49,16,0
18/12/2025,52,453,30,67,20,348,186,799,167,9,63,50,17,1
19/12/2025,51,439,30,27,20,341,196,782,168,12,69,49,15,0
20/12/2025,53,453,29,36,21,348,191,779,161,12,66,61,16,0
21/12/2025,51,459,24,7,21,323,189,772,125,5,63,53,15,0
22/12/2025,51,426,28,17,21,333,192,763,151,14,65,50,15,1
23/12/2025,46,442,27,245,20,443,188,751,180,12,65,54,15,0
24/12/2025,50,432,27,147,21,350,190,788,213,12,63,58,17,0
25/12/2025,44,436,27,206,21,338,197,800,195,8,70,60,14,1
26/12/2025,43,447,21,275,22,352,201,804,193,7,74,59,17,0.3
27/12/2025,37,455,11,277,22,314,199,797,123,7,67,62,15,-0.3
28/12/2025,18,476,6,157,12,246,180,448,64,7,69,50,15,0
29/12/2025,54,441,26,1,21,286,189,776,165,6,71,49,13,1
30/12/2025,0,0,0,0,0,0,0,0,0,0,0,49,0,0
31/12/2025,0,0,0,0,0,0,0,0,0,0,0,0,0,0
1/1/2026,470,476,180,5,220,310,164,783,89,5,63,44,7,0
2/1/2026,653,468,210,17,210,299,171,761,169,0,67,44,16,0
3/1/2026,467,466,210,131,200,308,170,743,236,6,66,43,16,0
4/1/2026,410,471,200,80,210,303,169,758,247,5,64,43,15,1
5/1/2026,550,452,240,97,203,365,166,734,208,8,67,45,14,0
6/1/2026,530,441,240,77,197,293,155,770,242,8,71,45,16,0
7/1/2026,520,446,220,70,201,315,144,763,199,8,67,38,16,0
8/1/2026,489,444,200,59,202,287,151,756,192,7,66,35,15,1
9/1/2026,500,449,210,63,220,349,145,729,159,8,69,49,16,0
10/1/2026,500,457,170,20,230,312,149,755,166,8,64,40,14,0
11/1/2026,250,477,50,2,220,257,112,555,31,4,57,38,12,0
12/1/2026,500,450,180,6,230,346,149,749,130,8,65,44,14,1
13/1/2026,500,447,220,18,240,368,150,722,139,4,65,49,14,0
14/1/2026,490,437,290,10,220,372,160,744,153,8,67,49,16,0
15/1/2026,450,435,300,10,230,352,166,741,139,6,67,50,14,1
16/1/2026,410,441,300,53,200,334,177,744,119,5,74,57,13,0
17/1/2026,440,457,270,79,210,314,172,732,207,1,68,56,14,0
18/1/2026,430,466,220,13,210,340,168,716,98,2,66,10,14,0
19/1/2026,580,29,380,150,320,411,169,711,166,7,67,11,14,1
20/1/2026,570,0,430,94,260,347,136,715,129,9,0.55,0,14,0
21/1/2026,620,0,500,108,260,465,122,711,167,3,0.4,0,16,0
22/1/2026,592,0,464,110,256,387,122,711,155,11,78.05,0,16,1
23/1/2026,578,0,436,115,247,341,126,721,184,8,23,0,14,0
24/1/2026,572,0,419,117,238,310,124,723,176,8,25,0,13,0
25/1/2026,526,0,202,69,253,252,108,525,142,6,21,0,15,0
26/1/2026,584,0,275,229,375,305,119,793,211,8,22,0,15,1
27/1/2026,572,0,392,165,310,303,120,783,203,7,23,0,15,0
28/1/2026,603,0,481,121,225,311,120,784,197,7,23,0,17,0
29/1/2026,590,0,402,160,289,314,122,808,192,5,23,0,16,0
30/1/2026,629,0,521,77,195,368,118,788,107,10,22,0,15,1
31/1/2026,633,0,633,78,194,329,122,800,130,6,23,0,15,0
1/2/2026,637,0,595,75,188,331,118,776,121,5,23,0,14,0
2/2/2026,602,0,409,164,319,372,137,771,185,7,40,0,17,0
3/2/2026,646,0,300,71,464,323,120,781,172,7,23,0,15,1
4/2/2026,671,0,500,14,216,322,122,815,205,5,22,0,17,0
5/2/2026,666,0,548,16,184,300,118,769,170,7,24,0,15,0
6/2/2026,599,0,442,121,264,327,122,801,188,6,23,0,14,0
7/2/2026,627,0,539,15,189,309,120,777,159,7,22,0,13,0
8/2/2026,627,0,266,9,201,340,102,517,95,5,22,0,12,1
9/2/2026,605,0,450,188,322,379,136,818,208,8,38,7,15,0.3
10/2/2026,596,0,449,169,304,401,139,802,164,7,40,50,14,0.1
11/2/2026,603,0,448,228,345,447,161,795,194,8,68,57,17,0.2
12/2/2026,618,0,502,165,319,427,158,806,209,7,65,58,13,0.3
13/2/2026,657,0,379,255,376,343,106,824,356,8,22,60,14,0.1
14/2/2026,623,0,533,120,283,302,108,831,259,7,21,13,17,0
15/2/2026,647,0,525,15,208,300,107,841,176,6,22,0,16,0
16/2/2026,598,0,397,195,339,351,112,808,169,7,23,4,14,0
17/2/2026,610,0,429,130,285,360,111,836,128,8,22,0,16,1
18/2/2026,623,0,603,9,200,346,108,827,130,7,22,0,13,0
19/2/2026,592,0,504,105,279,341,110,839,148,8,23,0,14,0
20/2/2026,605,0,600,8,199,339,113,830,132,8,23,0,14,0
21/2/2026,624,0,607,8,184,330,110,817,103,7,21,0,14,0
22/2/2026,440,0,323,7,173,283,90,478,74,8,21,0,11,1
23/2/2026,587,0,426,146,289,326,109,847,134,8,21,0,14,0
24/2/2026,625,0,554,15,205,328,109,829,99,8,21,0,15,0
25/2/2026,619,0,571,13,203,326,107,840,115,9,20,0,15,0
26/2/2026,580,0,430,133,282,337,107,808,128,8,21,0,14,0
27/2/2026,634,0,581,11,187,313,106,813,149,9,21,0,14,1
28/2/2026,610,0,546,10,195,299,112,833,51,7,21,0,16,0
1/3/2026,593,0,484,9,163,285,112,824,57,5,21,0,14,0
2/3/2026,626,0,464,156,286,435,110,815,120,7,22,1,15,1
3/3/2026,642,0,538,6,171,331,108,829,52,5,21,0,14,0
4/3/2026,627,0,560,6,156,287,114,845,73,7,22,0,16,0
5/3/2026,610,0,485,139,267,337,125,847,157,7,20,0,15,0
6/3/2026,600,0,386,134,284,348,137,869,119,6,22,0,14,1
7/3/2026,620,0,271,111,284,272,131,808,43,6,21,0,16,0
8/3/2026,440,0,155,130,299,284,118,514,58,6,20,0,10,0
9/3/2026,591,0,423,176,409,458,185,833,86,7,79,0,16,0
10/3/2026,560,0,456,7,367,302,129,828,127,7,25,0,14,0
11/3/2026,587,0,495,7,371,322,128,809,137,6,22,0,15,1
12/3/2026,601,0,433,172,461,472,197,847,135,7,68,0,15,0
13/3/2026,562,0,438,134,432,363,157,839,168,7,74,0,16,0
14/3/2026,579,0,471,6,391,337,173,845,85,6,71,0,15,0
15/3/2026,564,0,441,6,409,327,167,815,88,6,69,0,16,0
16/3/2026,568,0,472,7,383,345,120,841,90,6,21,0,15,1
17/3/2026,617,0,450,170,347,414,119,826,201,7,23,0,15,0
18/3/2026,621,0,393,162,337,428,126,865,146,7,21,0,13,0
19/3/2026,605,0,395,216,366,399,128,787,170,8,23,0,14,0
20/3/2026,636,0,335,57,546,337,126,816,193,6,20,0,14,1
21/3/2026,663,0,173,5,669,323,130,812,222,7,21,0,11,0.2
22/3/2026,535,0,250,7,439,462,108,497,166,6,19,0,15,-0.2
23/3/2026,635,0,556,6,506,429,123,804,312,8,21,0,12,0
24/3/2026,640,0,270,7,647,411,123,830,250,8,21,0,15,0
25/3/2026,634,0,54,393,561,376,131,835,252,8,21,0,16,1
26/3/2026,600,0,463,141,437,423,130,815,262,9,26,0,13,0
27/3/2026,659,0,426,223,307,364,123,793,306,9,22,0,15,0
28/3/2026,648,0,405,6,655,364,124,826,264,8,21,0,18,0
29/3/2026,690,0,285,7,477,315,123,805,199,6,20,0,14,0
30/3/2026,1121,0,421,197,560,732,227,986,266,11,40,0,17,1
31/3/2026,0,0,0,0,0,0,0,0,0,0,0,0,0,0
1/4/2026,630,0,238,322,518,379,124,839,344,10,21,0,17,0
2/4/2026,614,0,382,199,286,330,131,848,232,10,21,0,17,0
3/4/2026,632,0,425,35,615,346,129,809,297,8,21,0,17,1
4/4/2026,637,0,287,21,641,342,131,845,276,8,22,0,16,0
5/4/2026,511,0,173,19,385,320,117,511,113,7,20,0,14,0
6/4/2026,639,0,570,192,250,467,161,833,264,8,45,29,17,0
7/4/2026,636,0,535,336,441,533,163,843,246,7,50,64,15,0
8/4/2026,354,0,282,474,644,452,163,849,277,9,45,28,16,1
9/4/2026,346,0,250,492,676,482,153,829,251,8,36,42,16,0
10/4/2026,309,0,212,491,678,398,141,830,261,7,20,0,15,0
11/4/2026,245,0,167,510,717,398,134,829,228,7,21,0,17,0
12/4/2026,266,0,164,477,672,421,135,831,179,6,19,0,16,0
13/4/2026,315,0,37,1,321,156,63,382,19,4,18,0,4,0
14/4/2026,672,0,206,2,675,386,115,820,237,3,24,0,11,1
15/4/2026,656,0,158,1,659,355,133,799,156,6,32,0,11,0
16/4/2026,633,0,413,4,635,428,132,841,255,7,27,0,16,0
17/4/2026,613,0,415,5,615,361,248,845,182,7,133,1,16,0
18/4/2026,625,0,299,6,629,300,131,836,255,6,25,0,16,0
19/4/2026,518,0,261,6,386,329,121,547,154,7,22,0,14,1
20/4/2026,625,0,457,176,424,429,130,815,275,7,24,0,17,0
21/4/2026,598,0,436,202,358,290,129,843,308,9,23,0,17,0
22/4/2026,628,0,426,7,637,321,130,838,315,8,23,0,15,0
23/4/2026,636,0,343,6,645,362,128,832,275,8,24,0,17,0
24/4/2026,635,0,329,6,643,385,132,823,249,8,23,0,13,1
25/4/2026,636,0,335,6,645,393,133,798,259,8,23,12,17,0
26/4/2026,678,0,570,35,121,286,130,767,240,6,22,0,15,0
27/4/2026,609,0,263,103,589,314,126,789,220,8,21,0,14,0
28/4/2026,635,0,326,6,641,319,134,771,331,8,24,0,16,1
29/4/2026,629,0,310,6,637,388,133,757,273,8,23,51,14,0
30/4/2026,630,0,343,6,637,468,131,750,227,8,24,24,16,0
1/5/2026,689,0,155,5,698,387,129,741,239,8,23,0,14,0
2/5/2026,455,0,322,5,266,363,120,407,78,7,23,0,3,0
3/5/2026,629,0,688,86,135,368,134,721,135,6,52,0,14,0.9
4/5/2026,626,0,340,322,414,418,170,839,240,10,58,0,18,0.2
5/5/2026,611,0,359,367,487,439,197,816,303,9,83,0,16,0.3
6/5/2026,610,0,391,339,452,467,215,835,260,7,94.9,0.3,18,0.2
7/5/2026,631,0,377,245,607,526,182,843,195,12,70.1,-0.3,16,0.2
8/5/2026,641,0,371,5,646,420,120,828,220,10,23,0,14,0.3
9/5/2026,661,0,286,5,665,334,109,832,261,13,23,0,17,0.1
10/5/2026,672,0,198,6,676,317,106,843,239,7,22,0,14,0.2
11/5/2026,643,0,254,5,657,313,111,827,269,10,23,0,16,0.3
12/5/2026,641,0,309,10,633,341,113,830,264,11,24,0,15,0.2
13/5/2026,636,0,309,6,642,378,111,840,236,10,27,0,16,0.2
14/5/2026,629,0,333,9,627,362,126,833,225,10,41,0,15,0.2
15/5/2026,643,0,328,6,648,407,108,825,245,10,24,0,15,0.2
16/5/2026,644,0,335,5,650,426,108,795,211,11,23,2,16,0.2
17/5/2026,551,0,301,6,384,408,95,533,150,9,23,0,14,-0.7
18/5/2026,606,0,475,174,243,346,111,849,211,12,27,0,14,1
19/5/2026,623,0,338,295,397,321,105,851,231,10,23,0,15,0
20/5/2026,571,0,381,156,424,302,106,844,238,8,23,0,15,0
21/5/2026,592,0,435,169,230,326,107,834,244,8,24,13,14,0
22/5/2026,604,0,360,287,388,302,108,839,259,8,23,0,15,1
23/5/2026,587,0,327,239,328,367,106,839,184,7,23,0,16,0
24/5/2026,623,0,484,140,281,385,104,836,212,6,24,51,14,0
25/5/2026,596,0,414,197,336,344,104,828,224,8,19,46,15,0
26/5/2026,599,0,383,290,388,337,108,846,255,8,12,45,15,0
27/5/2026,598,0,191,344,468,320,111,820,280,7,13,42,16,1
28/5/2026,605,0,272,306,412,349,110,833,258,9,12,35,17,0
29/5/2026,620,0,86,403,550,399,109,842,351,7,13,67,14,0
30/5/2026,613,0,368,292,396,366,110,860,372,7,13,61,21,0
31/5/2026,498,0,238,233,319,391,88,464,198,6,11,55,10,0
1/6/2026,619,0,442,204,281,423,104,827,260,7,12,64,16,1
2/6/2026,621,0,319,376,498,455,160,840,306,8,64,41,14,0
3/6/2026,632,0,320,324,437,342,159,830,318,6,66,0,15,0
4/6/2026,596,0,251,384,515,372,153,830,334,7,58,37,16,0
5/6/2026,606,0,275,330,551,418,174,869,266,7,69,67,15,1
6/6/2026,630,0,370,4,636,336,149,790,243,8,61,4,14,0
7/6/2026,641,0,261,5,647,341,156,820,251,6,58,38,15,0
8/6/2026,617,0,445,4,624,417,157,829,225,7,59,60,14,0
9/6/2026,618,0,464,5,623,436,154,852,245,8,58,57,15,0
10/6/2026,620,0,394,4,575,362,156,840,243,8,57,58,14,1
11/6/2026,612,0,479,5,667,408,147,807,275,7,53,52,14,0
12/6/2026,623,0,356,4,628,373,144,836,224,7,42,57,14,0.5
13/6/2026,628,0,359,5,635,390,155,830,220,7,65,60,13,-0.5
14/6/2026,582,0,384,5,352,436,150,560,159,8,60,60,14,0
15/6/2026,596,0,379,227,309,324,160,805,226,8,67,63,14,1
16/6/2026,595,0,410,228,309,332,103,834,257,8,7,2,17,0
17/6/2026,0,0,0,0,0,0,0,0,0,0,0,0,0,0